irs_share_of_state_investment_2022,irs_income_per_household_2022,irs_agi_annual_2022,irs_investment_annual_2022,irs_investment_share_2022,irs_returns_annual,irs_returns,irs_agi_per_return,irs_wages_per_return,irs_capital_income_per_return,irs_investment_income_annual,irs_capital_gains_per_return,irs_partnership_per_return,irs_capital_share_of_agi,irs_top_share_of_returns,irs_top_agi_per_return,irs_top_share_of_agi,irs_share_of_state_capital_income,irs_share_of_state_returns,acs_population,acs_households,acs_median_household_income,acs_median_household_income_moe,acs_mean_household_income,acs_share_households_200k,acs_renter_share,acs_median_gross_rent,acs_private_share_k12,acs_seasonal_units,acs_seasonal_share_of_units,irs_years_available,acs_households_moe,acs_aggregate_income_moe,zip,name,county,zips_included,counties,municipalities,nj_land_share
0.0002,100313,541086856,9577121,0.0177,7386,7380,66503,55869,1182,8729200,695,551,0.0178,0.0311,286877,0.1343,0.0002,0.0017,17211,5394,84549,15644,104607,0.1116,0.4807,1722,0.0401,0,0.0,5,463,66442708,07001,Woodbridge,Middlesex County,07001,Middlesex County,Woodbridge,1.0
0.002,87325,2375052827,91391215,0.0385,33972,34830,63542,49754,2444,83015000,1449,994,0.0385,0.0365,350667,0.2014,0.002,0.0076,70497,27198,80044,3570,102566,0.1055,0.6083,1474,0.0716,306,0.0105,5,801,168246792,07002,Bayonne,Hudson County,07002,Hudson County,"Bayonne, Jersey City",1.0
0.0016,107351,2208533298,75908559,0.0344,27102,27420,74096,60138,2556,69277400,1656,1138,0.0345,0.0548,315192,0.2329,0.0016,0.0061,52594,20573,92223,4647,118876,0.1406,0.4856,1702,0.1077,0,0.0,5,577,116243649,07003,Bloomfield,Essex County,07003,Essex County,Bloomfield,1.0
0.0013,204140,602416418,60929789,0.1011,4232,4360,129659,81417,13314,56345400,8788,9103,0.1027,0.1649,428955,0.5457,0.0013,0.0009,7723,2951,110703,32219,149011,0.2799,0.1833,2568,0.1012,0,0.0,5,224,53513173,07004,Fairfield,Essex County,07004,Essex County,Fairfield,1.0
0.0024,215832,1206286202,110494065,0.0916,8262,8400,132909,86006,12170,100547200,8079,14194,0.0916,0.1557,488881,0.5725,0.0024,0.0019,15106,5589,120783,11351,156041,0.2525,0.3029,1699,0.1072,25,0.0042,5,282,63958929,07005,Boonton,Morris County,07005,Morris County,"Boonton, Montville, Rockaway, Parsippany-Troy Hills, Denville",1.0
0.0061,241116,2410439804,281930100,0.117,12870,12990,170293,106155,19956,256833600,12680,19357,0.1172,0.2267,504862,0.6722,0.0061,0.0029,26449,9997,144142,6408,200184,0.3349,0.2441,1908,0.0497,88,0.0085,5,289,129307485,07006,West Caldwell,Essex County,07006,Essex County,"West Caldwell, North Caldwell, Caldwell",1.0
0.0003,89574,731105852,14006103,0.0192,12420,12460,53485,42780,1021,12683400,590,669,0.0191,0.018,277063,0.0934,0.0003,0.0028,25170,8162,79081,7887,99712,0.1143,0.4555,1833,0.077,3,0.0003,5,407,83157301,07008,Carteret,Middlesex County,07008,Middlesex County,"Carteret, Woodbridge",1.0
0.0019,206146,1007643927,89935369,0.0893,6628,6880,138634,92426,12390,82123200,7479,10014,0.0894,0.1907,406231,0.5588,0.002,0.0015,13225,4888,152813,18905,170807,0.3324,0.1618,1557,0.1613,104,0.0208,5,232,73208239,07009,Cedar Grove,Essex County,07009,"Essex County, Passaic County","Cedar Grove, Little Falls",1.0
0.0021,111250,1171021095,97810628,0.0835,12570,12830,84809,57571,7043,88527000,4456,4305,0.083,0.0832,409797,0.4021,0.0021,0.0028,25546,10526,96734,9596,121448,0.1321,0.517,1743,0.1672,158,0.014,5,543,119959528,07010,Cliffside Park,Bergen County,07010,Bergen County,"Cliffside Park, Ridgefield",1.0
0.0005,80125,1104447634,25074493,0.0227,20996,21130,47799,38897,1086,22798800,649,866,0.0227,0.0128,306149,0.0818,0.0005,0.0047,40042,13784,71489,10328,91230,0.0725,0.5623,1578,0.0467,0,0.0,5,561,75493732,07011,Clifton,Passaic County,07011,Passaic County,Clifton,1.0
0.0012,129545,698119100,53652734,0.0769,6764,6780,93865,66320,7247,49019200,4583,5617,0.0772,0.0772,437670,0.3598,0.0012,0.0015,14870,5389,94615,12631,125087,0.1384,0.4589,1691,0.396,13,0.0024,5,360,75278745,07012,Clifton,Passaic County,07012,Passaic County,Clifton,1.0
0.0023,136908,1576353000,104828862,0.0665,15008,15150,95507,62057,6331,95015200,3656,3899,0.0663,0.0788,454710,0.375,0.0023,0.0034,29725,11514,113991,5601,141133,0.223,0.2731,1658,0.1629,48,0.0041,5,723,147291760,07013,Clifton,Passaic County,07013,Passaic County,"Clifton, Woodland Park",1.0
0.0005,162180,289167010,23472764,0.0812,2858,2840,91984,65545,7533,21528200,5508,3452,0.0819,0.0784,413761,0.3526,0.0005,0.0006,4098,1783,110625,39043,130141,0.2086,0.2675,1773,0.3714,144,0.0698,5,322,76649026,07014,Clifton,Passaic County,07014,Passaic County,"Clifton, Passaic",1.0
0.0031,199528,1828472999,144893113,0.0792,11794,11950,141030,104038,11199,132076200,6858,5552,0.0794,0.2118,385519,0.579,0.0031,0.0026,23838,9164,152941,13577,186672,0.3591,0.2152,1952,0.0476,0,0.0,5,328,126765131,07016,Cranford,Union County,07016,Union County,Cranford,1.0
0.0001,56607,850570610,4166958,0.0049,17956,18090,43059,37008,212,3804200,135,202,0.0049,0.0067,308403,0.0479,0.0001,0.004,39557,15026,60137,4846,75097,0.0445,0.6933,1284,0.0901,0,0.0,5,621,74055623,07017,East Orange,Essex County,07017,Essex County,"East Orange, Bloomfield",1.0
0.0001,56685,639174736,3679969,0.0058,14044,14250,41400,35625,243,3413600,135,95,0.0059,0.0053,317208,0.0404,0.0001,0.0031,29216,11276,57482,3512,75650,0.0632,0.7535,1404,0.1164,0,0.0,5,588,72420307,07018,East Orange,Essex County,07018,Essex County,East Orange,1.0
0.0027,166086,1166589640,125740908,0.1078,6544,6610,162082,112740,17456,114233000,12810,15800,0.1077,0.2051,499109,0.6315,0.0027,0.0015,14394,7024,136806,23005,189467,0.3511,0.5773,2580,0.184,0,0.0,5,360,141776385,07020,Edgewater,Bergen County,07020,Bergen County,Edgewater,1.0
0.0015,710015,515470561,69782697,0.1354,1076,1090,436230,224287,58727,63190000,36501,88211,0.1346,0.4368,908977,0.9102,0.0015,0.0002,2290,726,247000,27417,343062,0.635,0.0262,3501,0.1311,0,0.0,5,72,38592146,07021,Essex Fells,Essex County,07021,Essex County,Essex Fells,1.0
0.0002,57241,333317153,7787393,0.0234,6680,7160,45414,35573,1054,7041200,664,1065,0.0232,0.0192,304373,0.1284,0.0002,0.0015,14935,5823,59359,7724,90600,0.1128,0.6746,1517,0.1368,0,0.0,5,461,85788891,07022,Fairview,Bergen County,07022,Bergen County,Fairview,1.0
0.0009,203218,570637440,39902771,0.0699,3640,3670,142554,109319,9911,36076400,6060,3979,0.0695,0.2313,348893,0.5661,0.0009,0.0008,7723,2808,177727,30035,198890,0.4181,0.1318,2254,0.0562,0,0.0,5,146,71664017,07023,Fanwood,Union County,07023,Union County,Fanwood,1.0
0.008,145689,2666696262,368208506,0.1381,19734,19890,122783,75383,16952,334531600,10532,7647,0.1381,0.1338,484842,0.5283,0.0079,0.0044,39781,18304,101603,6631,135154,0.1848,0.4158,2161,0.1118,120,0.0061,5,621,181121985,07024,Fort Lee,Bergen County,07024,Bergen County,Fort Lee,1.0
0.0004,76274,880511426,18671638,0.0212,15994,16250,50025,40422,1063,17005800,597,914,0.0213,0.0143,323609,0.0922,0.0004,0.0036,32472,11544,72026,5304,95640,0.0994,0.5344,1491,0.0824,0,0.0,5,502,79037717,07026,Garfield,Bergen County,07026,Bergen County,Garfield,1.0
0.0003,136979,267930714,14965425,0.0559,2352,2530,103521,70146,5783,13601600,3493,2295,0.0559,0.0884,456782,0.3902,0.0003,0.0005,4542,1956,107823,30807,128257,0.1452,0.4888,1575,0.0538,16,0.0081,5,153,26676783,07027,Garwood,Union County,07027,Union County,Garwood,1.0
0.003,426895,1084312822,138320101,0.1276,3398,3470,290698,204126,37242,126549600,28308,26301,0.1281,0.4161,593919,0.8502,0.003,0.0008,7970,2540,239192,35330,313104,0.6,0.0476,2042,0.0461,0,0.0,5,153,102862563,07028,Glen Ridge,Essex County,07028,Essex County,"Glen Ridge, Montclair, Bloomfield",1.0
0.0003,79502,745491094,15179614,0.0204,10746,11410,63191,55847,1286,13820400,842,494,0.0204,0.0393,287694,0.1788,0.0003,0.0024,21935,9377,71750,8098,99462,0.108,0.7711,1934,0.0315,20,0.002,5,403,67259294,07029,Harrison,Hudson County,07029,Hudson County,"Harrison, East Newark",1.0
0.0154,223588,6233408350,712845317,0.1144,28270,28540,200664,158911,22932,648287200,17986,9374,0.1143,0.2623,537885,0.7032,0.0154,0.0063,58754,27879,168137,6922,217330,0.4082,0.656,2648,0.2462,177,0.0059,5,599,259082529,07030,Hoboken,Hudson County,07030,Hudson County,"Hoboken, Jersey City",1.0
0.0006,104113,690687754,26801539,0.0388,8538,8690,73479,56617,2848,24316000,1774,1244,0.0388,0.0454,306950,0.1898,0.0006,0.0019,16352,6634,96869,11355,116983,0.1431,0.5303,1656,0.0872,0,0.0,5,280,60959522,07031,North Arlington,Bergen County,07031,Bergen County,North Arlington,1.0
0.0009,85705,1260122614,41861875,0.0332,19766,20260,57909,45175,1914,37835400,1223,1016,0.0331,0.0266,335283,0.1541,0.0009,0.0044,41157,14703,81307,2892,100438,0.0962,0.5285,1557,0.0384,24,0.0016,5,462,75667127,07032,Kearny,Hudson County,07032,Hudson County,Kearny,1.0
0.0004,144490,404861012,19410094,0.0479,4318,4380,85205,63010,4090,17661400,2668,2470,0.048,0.0709,356275,0.2963,0.0004,0.001,8345,2802,97600,29424,143705,0.1413,0.3419,1884,0.1493,0,0.0,5,338,152689882,07033,Kenilworth,Union County,07033,Union County,Kenilworth,1.0
0.0003,97099,403735870,11885053,0.0294,4886,4900,75112,61317,2216,10827200,1326,1327,0.0295,0.0454,298368,0.1805,0.0003,0.0011,10064,4158,95673,14092,119375,0.1378,0.4036,1402,0.0141,54,0.0126,5,465,63245681,07034,Parsippany-Troy Hills,Morris County,07034,Morris County,Parsippany-Troy Hills,1.0
0.001,136248,563521789,44382501,0.0788,5580,5590,91774,65982,7204,40201000,4465,2844,0.0785,0.0753,374097,0.3068,0.001,0.0013,10922,4136,112579,14267,128602,0.1339,0.227,1658,0.1524,0,0.0,5,265,51191275,07035,Lincoln Park,Morris County,07035,Morris County,"Lincoln Park, Kinnelon, Pequannock",1.0
0.0008,91987,1469589457,38752989,0.0264,23562,23970,56659,45660,1499,35326000,816,671,0.0265,0.0205,300571,0.109,0.0008,0.0053,44996,15976,85748,4565,100201,0.0793,0.4156,1541,0.1102,0,0.0,5,514,79194018,07036,Linden,Union County,07036,Union County,"Linden, Winfield",1.0
0.0177,412550,4281440695,816571691,0.1907,14442,14690,269835,150614,51482,743503200,32988,39662,0.1908,0.3357,658380,0.8191,0.0177,0.0032,31091,10378,202619,25079,264264,0.5023,0.1292,2818,0.0735,75,0.007,5,357,153130121,07039,Livingston,Essex County,07039,Essex County,Livingston,1.0
0.0037,261185,2194215937,171966443,0.0784,12014,12030,166069,123865,13013,156334800,8121,10022,0.0784,0.246,473297,0.7012,0.0037,0.0027,25384,8401,165681,16555,221030,0.4334,0.2302,1990,0.0616,26,0.003,5,418,152219091,07040,Maplewood,Essex County,07040,Essex County,Maplewood,1.0
0.0017,288637,747281814,76941459,0.103,3358,3370,202614,149763,20982,70457200,14170,14196,0.1036,0.3252,482511,0.7744,0.0017,0.0008,7412,2589,199602,24440,258289,0.4986,0.3102,1933,0.0726,0,0.0,5,187,66784818,07041,Millburn,Essex County,07041,Essex County,Millburn,1.0
0.007,235999,2578290855,322032715,0.1249,13294,13210,176578,120615,22159,294577600,15582,15521,0.1255,0.1938,647443,0.7105,0.007,0.003,26945,10925,130329,10836,197309,0.3432,0.4881,1956,0.098,0,0.0,5,401,156577154,07042,Montclair,Essex County,07042,Essex County,Montclair,1.0
0.0072,447073,1915260414,331713580,0.1732,5532,5520,315093,202343,54504,301517000,40124,24211,0.173,0.4096,663523,0.8626,0.0072,0.0012,13425,4284,231214,26065,304084,0.5595,0.1632,2294,0.1726,14,0.003,5,289,110743527,07043,Montclair,Essex County,07043,"Essex County, Passaic County","Montclair, Clifton",1.0
0.003,212854,1239020502,138440204,0.1117,7202,7270,156469,106536,17478,125876000,12209,8653,0.1117,0.2174,446947,0.6211,0.003,0.0016,14438,5821,153236,8680,193183,0.3558,0.2022,1939,0.1266,45,0.0075,5,307,111909477,07044,Verona,Essex County,07044,Essex County,Verona,1.0
0.003,287886,1070934987,136533652,0.1275,5352,5420,182288,111002,23416,125322800,15538,19662,0.1285,0.2657,486901,0.7097,0.003,0.0012,10240,3720,163047,22412,213741,0.4347,0.0151,2250,0.1008,0,0.0,5,309,103548863,07045,Montville,Morris County,07045,Morris County,Montville,1.0
0.0029,572402,818535520,132845607,0.1623,2008,2050,371072,218344,60295,121072800,43995,52386,0.1625,0.4651,721613,0.9045,0.0029,0.0004,4499,1430,250001,,327082,0.6329,0.0378,3501,0.0339,10,0.0067,5,88,52916912,07046,Mountain Lakes,Morris County,07046,Morris County,"Mountain Lakes, Denville, Boonton",1.0
0.0014,76220,1826158458,64260115,0.0352,30434,30980,54532,43777,1924,58569600,1287,1124,0.0353,0.0302,348054,0.1929,0.0014,0.0068,62066,23959,76053,4796,103369,0.1039,0.5703,1630,0.0729,308,0.0122,5,818,136412153,07047,North Bergen,Hudson County,07047,Hudson County,North Bergen,1.0
0.0002,55121,678323049,7272007,0.0107,15114,15340,40812,34550,444,6705600,331,266,0.0109,0.0086,316445,0.0667,0.0002,0.0034,33523,12306,50498,5851,71450,0.0521,0.7773,1410,0.0416,19,0.0014,5,748,77230133,07050,City of Orange,Essex County,07050,Essex County,City of Orange,1.0
0.0068,180891,3137380798,316123385,0.1008,23998,24230,118840,81397,11986,287645400,7525,7792,0.1009,0.1423,447862,0.5361,0.0068,0.0054,48399,17344,127931,12301,163034,0.2731,0.2814,1729,0.1343,64,0.0035,5,600,174323632,07052,West Orange,Essex County,07052,Essex County,"West Orange, Livingston, City of Orange",1.0
0.003,143921,1721732408,138126749,0.0802,14940,15000,104725,80210,8432,125980600,5076,3480,0.0805,0.1186,375625,0.4254,0.003,0.0033,30392,11963,105434,6613,140049,0.2182,0.502,1646,0.0689,23,0.0019,5,611,109844702,07054,Parsippany-Troy Hills,Morris County,07054,Morris County,"Parsippany-Troy Hills, Hanover",1.0
0.0016,75593,1525620681,72727725,0.0477,30654,30820,45208,34692,2162,66288200,1549,2500,0.0478,0.0178,568724,0.2241,0.0016,0.0069,70048,20182,57832,3755,79228,0.0557,0.7797,1341,0.1832,47,0.0023,5,558,82001786,07055,Passaic,Passaic County,07055,Passaic County,Passaic,1.0
0.0003,84463,421809759,14342692,0.034,6104,6170,62761,47111,2139,13053800,1216,2821,0.0341,0.0272,397187,0.1721,0.0003,0.0014,11838,4994,79270,10154,99704,0.1027,0.6556,1454,0.0347,19,0.0036,5,283,52948187,07057,Wallington,Bergen County,07057,Bergen County,Wallington,1.0
0.0012,244248,539299402,55635038,0.1032,2762,2770,177602,104958,18293,50524800,11695,29170,0.103,0.1933,622476,0.6776,0.0012,0.0006,6052,2208,152422,43963,164550,0.2708,0.3474,2249,0.0,0,0.0,5,307,65700731,07058,Montville,Morris County,07058,Morris County,Montville,1.0
0.0097,449503,2496537028,450510176,0.1805,8152,8330,279045,157467,50632,412750800,36607,42065,0.1814,0.3329,702953,0.8387,0.0098,0.0018,16208,5554,196122,28411,287586,0.4863,0.1138,2032,0.1081,28,0.0048,5,227,155849034,07059,Warren,Somerset County,07059,Somerset County,"Warren, Green Brook",1.0
0.0006,77068,1208268278,27880631,0.0231,22276,23080,49305,40321,1137,25323000,664,672,0.0231,0.021,350750,0.1495,0.0006,0.005,47883,15678,66761,6915,88553,0.0761,0.6084,1489,0.0567,0,0.0,5,695,93791177,07060,Plainfield,Union County,07060,"Union County, Somerset County, Middlesex County","Plainfield, North Plainfield, South Plainfield",1.0
0.0002,94894,435849040,8332480,0.0191,7306,7550,54263,44153,1037,7575600,496,309,0.0191,0.0222,307509,0.1257,0.0002,0.0016,14253,4593,90477,11516,107219,0.1047,0.366,1674,0.031,0,0.0,5,414,66934461,07062,Plainfield,Union County,07062,"Union County, Somerset County","Plainfield, North Plainfield",1.0
0.0001,89753,380282870,6177803,0.0162,6990,7270,49476,41220,813,5681400,472,315,0.0164,0.0146,310106,0.0915,0.0001,0.0016,14849,4237,82188,13394,101492,0.1067,0.3734,1669,0.0399,0,0.0,5,381,54567837,07063,Plainfield,Union County,07063,"Union County, Somerset County, Middlesex County","Plainfield, North Plainfield, Piscataway",1.0
0.0001,126417,152964130,3515083,0.023,2126,2200,65368,49949,1494,3177200,688,516,0.0229,0.0301,274322,0.1263,0.0001,0.0005,4031,1210,140104,7005,135971,0.1595,0.0727,1307,0.0,0,0.0,5,131,25035082,07064,Woodbridge,Middlesex County,07064,Middlesex County,Woodbridge,1.0
0.0006,93018,1123569555,26085885,0.0232,15826,16110,64546,52948,1499,23716400,833,802,0.0232,0.0307,302069,0.1437,0.0006,0.0035,29664,12079,86557,3862,103923,0.0954,0.449,1646,0.138,0,0.0,5,503,92255439,07065,Rahway,Union County,07065,Union County,Rahway,1.0
0.0014,172256,1016655326,66623640,0.0655,8184,8320,112933,78657,7399,60553200,4236,5284,0.0655,0.1395,357141,0.4413,0.0014,0.0018,15415,5902,120882,11962,146424,0.2115,0.2331,1734,0.0257,20,0.0033,5,316,76289023,07066,Clark,Union County,07066,Union County,"Clark, Cranford, Westfield",1.0
0.0012,169415,1053761987,54940238,0.0521,9642,9750,99456,72866,5206,50199000,3218,4294,0.0523,0.0987,361482,0.3589,0.0012,0.0022,18581,6220,129122,15106,143347,0.2391,0.1064,1835,0.0946,7,0.0011,5,316,57025877,07067,Woodbridge,Middlesex County,07067,Middlesex County,Woodbridge,1.0
0.0016,252030,617725663,75368454,0.122,3378,3390,166409,97053,20337,68697200,12856,12341,0.1222,0.2161,492531,0.6396,0.0016,0.0008,6221,2451,135451,26271,176266,0.3399,0.2313,3092,0.0393,0,0.0,5,145,71604065,07068,Roseland,Essex County,07068,Essex County,Roseland,1.0
0.0035,378884,880527159,159741999,0.1814,3132,3170,255421,140406,46147,144531600,31552,33619,0.1807,0.2989,691570,0.8092,0.0034,0.0007,6651,2324,152168,20272,208923,0.3821,0.1252,2302,0.0566,0,0.0,5,157,69460038,07069,Watchung,Somerset County,07069,Somerset County,"Watchung, Green Brook, Warren",1.0
0.0015,176309,1190966093,67618254,0.0568,9214,9310,117529,86266,6697,61703600,3953,7373,0.057,0.148,395843,0.4986,0.0015,0.0021,18754,6755,128576,9285,156043,0.2671,0.3766,1700,0.036,0,0.0,5,270,59204050,07070,Rutherford,Bergen County,07070,Bergen County,Rutherford,1.0
0.0009,105892,958852999,39303652,0.041,11594,11660,75163,57985,3095,35882000,1952,1746,0.0412,0.0514,321705,0.22,0.0009,0.0026,22332,9055,104338,8197,123181,0.1748,0.4227,1705,0.1798,13,0.0014,5,402,56954679,07071,Lyndhurst,Bergen County,07071,Bergen County,Lyndhurst,1.0
0.0003,114115,295101977,12721934,0.0431,3324,3340,80736,56723,3517,11689200,2066,4478,0.0436,0.0529,462944,0.3036,0.0003,0.0007,6341,2586,89669,29768,110151,0.1957,0.4033,1493,0.1412,0,0.0,5,328,40594803,07072,Carlstadt,Bergen County,07072,Bergen County,"Carlstadt, East Rutherford",1.0
0.0003,98348,418765929,13210120,0.0315,5184,5270,73412,60622,2318,12014800,1255,927,0.0316,0.0475,310358,0.2006,0.0003,0.0012,10020,4258,92536,18693,113668,0.1869,0.6609,1712,0.0805,23,0.0051,5,343,55036389,07073,East Rutherford,Bergen County,07073,Bergen County,East Rutherford,1.0
0.0001,122620,116489020,3588756,0.0308,1562,1560,67930,47108,2097,3274800,1082,3422,0.0309,0.0384,490563,0.2774,0.0001,0.0003,3093,950,90263,27684,112396,0.1379,0.2968,1111,0.0624,0,0.0,5,119,21759767,07074,Moonachie,Bergen County,07074,Bergen County,Moonachie,1.0
0.0007,163452,629453959,31645890,0.0503,5230,5390,109569,86394,5515,28845000,3526,2570,0.0503,0.1331,343149,0.4168,0.0007,0.0012,9978,3851,132901,23054,156858,0.288,0.3685,1764,0.0706,0,0.0,5,210,60655551,07075,Wood-Ridge,Bergen County,07075,Bergen County,Wood-Ridge,1.0
0.0049,245398,2165148583,227934194,0.1053,11920,12070,165410,112116,17412,207554400,11384,13204,0.1053,0.2391,465254,0.6725,0.0049,0.0027,24727,8823,179531,11149,223823,0.44,0.1667,1790,0.0918,0,0.0,5,317,139614748,07076,Scotch Plains,Union County,07076,Union County,Scotch Plains,1.0
0.0001,105439,114295469,3154436,0.0276,1454,1440,71322,52664,1968,2861400,1156,522,0.0276,0.033,395400,0.183,0.0001,0.0003,2695,1084,107887,26695,116583,0.1439,0.2749,1387,0.0342,0,0.0,5,220,29810252,07077,Woodbridge,Middlesex County,07077,Middlesex County,Woodbridge,1.0
0.0287,1247979,5632130103,1328519598,0.2359,5958,6070,864241,375013,203745,1213914800,130410,67256,0.2358,0.5566,1507328,0.9707,0.0288,0.0013,14287,4513,250001,,486153,0.7354,0.1287,3501,0.1604,0,0.0,5,205,146644965,07078,Millburn,Essex County,07078,Essex County,Millburn,1.0
0.0034,294320,1725599249,158535343,0.0919,7396,7420,212399,153594,19412,143568200,12254,17499,0.0914,0.3126,527774,0.7768,0.0034,0.0017,18648,5863,173012,8090,247012,0.4223,0.3447,2186,0.2015,44,0.0072,5,252,96294847,07079,South Orange Village,Essex County,07079,Essex County,"South Orange Village, City of Orange",1.0
0.001,141868,1154664651,48252640,0.0418,12482,12540,84055,64402,3515,43876600,2111,2466,0.0418,0.0675,330372,0.2651,0.001,0.0028,24256,8139,123516,7532,140943,0.2196,0.1461,1881,0.0782,0,0.0,5,290,56550976,07080,South Plainfield,Middlesex County,07080,Middlesex County,South Plainfield,1.0
0.0029,192520,1272557931,136151199,0.107,8690,8780,133073,85651,14226,123620200,7252,12737,0.1069,0.1567,463130,0.5455,0.0029,0.0019,17011,6610,141759,13908,159671,0.2891,0.3825,2089,0.0813,90,0.013,5,276,81594413,07081,Springfield,Union County,07081,Union County,"Springfield, Summit",1.0
0.0015,299459,589336079,69500110,0.1179,2886,2920,185596,115392,21924,63272200,14761,23636,0.1181,0.2467,539024,0.7165,0.0015,0.0006,5612,1968,153977,65155,218945,0.4492,0.0493,1848,0.0395,37,0.0181,5,346,66223966,07082,Montville,Morris County,07082,Morris County,"Montville, Lincoln Park",1.0
0.0023,125980,2487102666,104447626,0.042,29282,30140,77259,61048,3256,95354200,1929,1632,0.0421,0.0554,315647,0.2263,0.0023,0.0066,56900,19742,114938,5519,137099,0.1927,0.2533,1879,0.1312,37,0.0018,5,652,142294488,07083,Union,Union County,07083,Union County,Union,1.0
0.0022,171075,1344990842,100787984,0.0749,8692,9190,141381,112587,10640,92480200,7348,7424,0.0753,0.1765,484191,0.6044,0.0022,0.0019,16790,7862,120395,24944,163308,0.3055,0.6542,2314,0.0887,156,0.0173,5,468,114616606,07086,Weehawken,Hudson County,07086,Hudson County,"Weehawken, Hoboken",1.0
0.0007,62300,1595493009,30578697,0.0192,32522,32810,44608,37328,855,27810200,597,754,0.0192,0.0196,339683,0.1489,0.0007,0.0073,67258,25610,59967,4245,82094,0.0627,0.8029,1415,0.0334,106,0.0039,5,696,115736978,07087,Union City,Hudson County,07087,Hudson County,"Union City, Jersey City",1.0
0.0,94334,108011872,996414,0.0092,1830,1830,53682,43641,498,911400,333,215,0.0093,0.0098,413489,0.0758,0.0,0.0004,3056,1145,86556,12747,100594,0.0865,0.4122,1825,0.3441,0,0.0,5,177,25156451,07088,Union,Union County,07088,Union County,Union,1.0
0.0149,416431,4347124515,688127192,0.1583,13948,14140,283657,186716,44882,626011000,32539,25616,0.1582,0.3912,617089,0.851,0.0149,0.0031,30852,10439,202450,20070,281466,0.507,0.2019,2179,0.1045,25,0.0023,5,357,194462836,07090,Westfield,Union County,07090,Union County,"Westfield, Mountainside, Scotch Plains",1.0
0.0022,301670,765338040,102962591,0.1345,3430,3520,203058,118627,27309,93671200,17383,23274,0.1345,0.3015,496514,0.7371,0.0022,0.0008,6991,2537,162531,76735,214930,0.4596,0.1561,3501,0.0997,0,0.0,5,167,87146954,07092,Mountainside,Union County,07092,Union County,"Mountainside, Scotch Plains",1.0
0.0019,82405,2108010755,86280922,0.0409,30508,31180,62817,50853,2576,78595600,1745,2369,0.041,0.0507,422958,0.3416,0.0019,0.0068,64203,25581,70683,4130,98393,0.1157,0.7305,1595,0.0552,296,0.0108,5,839,142173656,07093,West New York,Hudson County,07093,Hudson County,"West New York, Guttenberg",1.0
0.0019,151376,1302893017,85597341,0.0657,10346,10510,114425,83764,7526,77864600,5105,3598,0.0658,0.1253,426482,0.4669,0.0018,0.0023,21470,8607,129348,11122,151880,0.2887,0.4924,2154,0.075,115,0.0125,5,393,89149248,07094,Secaucus,Hudson County,07094,Hudson County,Secaucus,1.0
0.0078,168915,1319562365,359817810,0.2727,10864,11420,110200,63332,29973,325627000,20563,2529,0.272,0.0657,795313,0.4743,0.0077,0.0024,20927,7812,103481,12326,114854,0.131,0.464,1973,0.0823,0,0.0,5,591,84033815,07095,Woodbridge,Middlesex County,07095,Middlesex County,Woodbridge,1.0
0.0014,77016,484276706,65878320,0.136,5462,5680,80943,55257,11118,60726400,8497,-130,0.1374,0.0465,861841,0.4951,0.0014,0.0012,13506,6288,35515,9038,58854,0.0385,0.9364,1159,0.0814,0,0.0,5,455,51295300,07102,Newark,Essex County,07102,Essex County,Newark,1.0
0.0001,43426,555542930,2764117,0.005,14096,14380,35871,31390,183,2580600,93,93,0.0051,0.0054,287432,0.0432,0.0001,0.0032,35318,12793,40653,7370,54944,0.0164,0.7695,1216,0.06,0,0.0,5,725,55645466,07103,Newark,Essex County,07103,Essex County,Newark,1.0
0.0002,49684,1003458889,8922168,0.0089,23474,23620,38848,33375,349,8191600,223,338,0.009,0.0066,319781,0.0547,0.0002,0.0053,55412,20197,51511,4303,68309,0.0433,0.7289,1280,0.0697,74,0.0035,5,611,106351043,07104,Newark,Essex County,07104,Essex County,Newark,1.0
0.0006,45464,885811987,25887057,0.0292,19578,20040,41079,32051,1207,23623000,881,1109,0.0294,0.0102,379545,0.0944,0.0006,0.0044,56696,19484,51927,2964,66802,0.0336,0.8265,1520,0.025,0,0.0,5,734,58844847,07105,Newark,Essex County,07105,Essex County,Newark,1.0
0.0001,50561,641210778,3224060,0.005,14756,14970,39501,33969,200,2946800,135,44,0.0051,0.0043,280175,0.0308,0.0001,0.0033,36538,12682,48983,6713,70149,0.0367,0.6594,1163,0.0243,0,0.0,5,601,91656023,07106,Newark,Essex County,07106,Essex County,Newark,1.0
0.0001,43200,652835179,4531500,0.0069,17460,17910,33989,29268,238,4161200,182,259,0.007,0.0032,311689,0.0294,0.0001,0.0039,41907,15112,46916,3302,71902,0.0297,0.6914,1239,0.0634,5,0.0003,5,633,237931046,07107,Newark,Essex County,07107,Essex County,"Newark, East Orange, Belleville",1.0
0.0,36839,410012667,1415337,0.0035,11394,11520,32722,28556,118,1344400,54,46,0.0036,0.0026,312927,0.0252,0.0,0.0026,27830,11130,32739,3469,52252,0.0394,0.8338,1055,0.0601,0,0.0,5,845,72246525,07108,Newark,Essex County,07108,Essex County,Newark,1.0
0.0005,92985,1275295246,24563087,0.0193,20006,20300,57943,47858,1119,22384400,713,541,0.0193,0.0197,288516,0.0981,0.0005,0.0045,37893,13715,85374,8222,105833,0.1133,0.4602,1551,0.1064,36,0.0025,5,588,105410862,07109,Belleville,Essex County,07109,Essex County,"Belleville, Nutley",1.0
0.0017,145244,1695873522,76550370,0.0451,15050,15100,102410,76387,4633,69723000,2690,3495,0.0452,0.1136,354040,0.3928,0.0017,0.0034,29695,11676,112318,7527,141139,0.2238,0.3212,1622,0.112,12,0.001,5,482,97654473,07110,Nutley,Essex County,07110,"Essex County, Passaic County","Nutley, Clifton",1.0
0.0002,54570,1210246477,7800246,0.0064,27810,28260,39536,33854,254,7064200,137,571,0.0064,0.0037,536046,0.0507,0.0002,0.0062,60268,22178,57293,3956,69428,0.0277,0.7027,1273,0.1267,0,0.0,5,1145,92540839,07111,Irvington,Essex County,07111,Essex County,Irvington,1.0
0.0001,49407,534737007,2349699,0.0044,12868,12790,37759,33002,170,2182200,92,53,0.0045,0.0044,271143,0.0313,0.0001,0.0029,27122,10823,49966,6501,66400,0.0285,0.7201,1301,0.0719,0,0.0,5,613,84800421,07112,Newark,Essex County,07112,Essex County,Newark,1.0
0.0,38353,161276184,552266,0.0034,4286,4120,34162,27904,119,508400,68,1325,0.0035,0.0023,551280,0.0377,0.0,0.001,13154,4205,32591,7542,50308,0.0202,0.7931,625,0.0421,0,0.0,5,461,33001519,07114,Newark,Essex County,07114,Essex County,Newark,1.0
0.0001,60403,576547829,5247799,0.0091,13856,14210,37823,31927,343,4751800,225,376,0.0091,0.0048,284642,0.0358,0.0001,0.0031,27996,9545,60377,3550,75641,0.0477,0.774,1414,0.0538,12,0.0011,5,552,61590422,07201,Elizabeth,Union County,07201,Union County,Elizabeth,1.0
0.0003,61910,927718091,11563998,0.0125,20556,21130,41026,34525,512,10534000,326,483,0.0125,0.0061,303730,0.0454,0.0003,0.0046,44673,14985,63032,4841,77053,0.0408,0.7535,1407,0.0524,35,0.0022,5,711,83057108,07202,Elizabeth,Union County,07202,Union County,Elizabeth,1.0
0.0002,85373,702020474,9083803,0.0129,12128,12460,52627,44150,681,8259000,332,290,0.0129,0.0139,270245,0.0711,0.0002,0.0027,22500,8223,75264,6155,99425,0.0977,0.466,1367,0.1136,0,0.0,5,367,55941884,07203,Roselle,Union County,07203,Union County,"Roselle, Cranford",1.0
0.0003,106774,544547505,15020451,0.0276,7118,7360,69500,56623,1908,13582800,1063,894,0.0275,0.0396,282670,0.1611,0.0003,0.0016,13964,5100,97769,10056,122601,0.1484,0.3982,1455,0.0416,0,0.0,5,348,57355294,07204,Roselle Park,Union County,07204,Union County,"Roselle Park, Union",1.0
0.0004,109815,795936586,18312585,0.023,11976,12050,60437,46040,1408,16865600,866,1345,0.0233,0.0224,482190,0.1785,0.0004,0.0027,22262,7248,89804,11124,112758,0.1284,0.301,1596,0.1432,0,0.0,5,370,57466910,07205,Hillside,Union County,07205,Union County,Hillside,1.0
0.0001,61809,546326023,4904724,0.009,14468,14890,34356,29491,315,4564200,199,285,0.0092,0.0035,321824,0.0324,0.0001,0.0032,30364,8839,54206,6428,73392,0.0466,0.7341,1457,0.009,24,0.0025,5,536,53584333,07206,Elizabeth,Union County,07206,Union County,Elizabeth,1.0
0.0006,72004,872611696,25704279,0.0295,15780,15820,50215,40032,1472,23230400,963,982,0.0293,0.0205,335319,0.1371,0.0006,0.0035,32632,12119,59085,5317,80168,0.0509,0.7328,1309,0.0461,0,0.0,5,596,78585790,07208,Elizabeth,Union County,07208,Union County,"Elizabeth, Hillside",1.0
0.0069,212457,5636263178,317045648,0.0563,29304,31290,175503,153755,9878,289467800,7085,5403,0.0563,0.2615,430145,0.641,0.0069,0.0066,53237,26529,165235,7580,213783,0.411,0.7514,2792,0.1812,349,0.0122,5,892,335927152,07302,Jersey City,Hudson County,07302,Hudson County,Jersey City,1.0
0.0006,70585,1349722123,25639372,0.019,23038,23530,53342,46142,1014,23365800,750,518,0.019,0.0277,312902,0.1624,0.0006,0.0052,50805,19122,65504,3450,91422,0.1024,0.7127,1500,0.0585,36,0.0017,5,848,135795753,07304,Jersey City,Hudson County,07304,Hudson County,Jersey City,1.0
0.0011,73311,1878815955,48775865,0.026,31212,30950,54668,45280,1417,44240400,938,902,0.0259,0.0291,378711,0.2015,0.0011,0.007,70738,25628,73735,4237,102047,0.1199,0.572,1523,0.1181,235,0.0085,5,1070,197288443,07305,Jersey City,Hudson County,07305,Hudson County,Jersey City,1.0
0.0013,82424,1861290975,62080125,0.0334,26394,26530,64102,54332,2131,56233800,1597,941,0.0332,0.0389,365198,0.2215,0.0013,0.0059,54779,22582,74610,4275,94907,0.1003,0.7657,1522,0.1024,213,0.0088,5,906,115518210,07306,Jersey City,Hudson County,07306,Hudson County,Jersey City,1.0
0.0011,90675,1553440690,49383448,0.0318,21290,21250,66451,57165,2113,44975400,1476,1217,0.0318,0.0494,337257,0.2508,0.0011,0.0048,42184,17132,76664,6489,104989,0.1243,0.6645,1591,0.1547,238,0.0127,5,723,131999857,07307,Jersey City,Hudson County,07307,Hudson County,"Jersey City, Secaucus",1.0
0.0018,229726,1636108654,84882726,0.0519,8840,9410,168910,153465,8810,77880600,6416,2912,0.0522,0.2457,407811,0.5932,0.0019,0.002,14371,7122,191912,23776,215812,0.475,0.8898,3327,0.2673,23,0.0029,5,461,193733406,07310,Jersey City,Hudson County,07310,Hudson County,Jersey City,1.0
,,,,,,910,,,,,,,,,,,,,1785,1163,175795,9471,208015,0.362,1.0,3501,,0,0.0,5,334,81406861,07311,Jersey City,Hudson County,07311,Hudson County,Jersey City,1.0
0.0024,383300,870475196,108747975,0.1249,3194,3220,247825,159134,30877,98619800,19834,21613,0.1246,0.3325,603666,0.8099,0.0023,0.0007,6817,2271,163875,33177,271151,0.4236,0.1999,2589,0.0424,26,0.0107,5,199,136202989,07401,Allendale,Bergen County,07401,Bergen County,Allendale,1.0
0.0004,130092,383640824,16783177,0.0437,3982,4050,87613,66120,3851,15333600,2405,2827,0.044,0.0688,357481,0.2808,0.0004,0.0009,7726,2949,125865,7108,153373,0.2635,0.3438,1795,0.0461,0,0.0,5,302,76720630,07403,Bloomingdale,Passaic County,07403,Passaic County,Bloomingdale,1.0
0.003,212418,1446565240,136920206,0.0947,9256,9380,142028,92152,13390,123936000,9024,16478,0.0943,0.1768,481169,0.5988,0.0029,0.0021,17993,6810,125896,13798,168570,0.2734,0.2,1563,0.1254,27,0.0039,5,243,88351355,07405,Kinnelon,Morris County,07405,Morris County,"Kinnelon, Butler",1.0
0.0006,107977,779594305,28636177,0.0367,10930,11050,64843,49407,2385,26066200,1353,2319,0.0368,0.0311,346654,0.1663,0.0006,0.0024,21261,7220,84578,7592,105948,0.1062,0.4609,1979,0.1168,0,0.0,5,350,68427592,07407,Elmwood Park,Bergen County,07407,Bergen County,Elmwood Park,1.0
0.0042,170053,2093184825,194091388,0.0927,16834,17090,113046,79672,10444,175820200,6791,3535,0.0924,0.1363,371172,0.4474,0.0042,0.0038,34948,12309,141540,11038,170615,0.3389,0.2075,1836,0.1247,0,0.0,5,478,125053464,07410,Fair Lawn,Bergen County,07410,Bergen County,Fair Lawn,1.0
0.0001,74694,192410953,5354165,0.0278,2854,2890,61249,46420,1707,4872600,818,406,0.0279,0.0266,273987,0.1191,0.0001,0.0006,5736,2576,88557,3553,96885,0.0641,0.3653,1136,0.0388,78,0.0277,5,289,36570199,07416,Hardyston,Sussex County,07416,Sussex County,"Hardyston, Franklin",1.0
0.0135,663709,2502182607,625291346,0.2499,5598,5760,406106,181048,101052,565691800,77285,80188,0.2488,0.3558,1022756,0.8962,0.0134,0.0013,11010,3770,204833,25347,297141,0.521,0.1204,3043,0.1768,0,0.0,5,167,145714807,07417,Franklin Lakes,Bergen County,07417,Bergen County,"Franklin Lakes, Oakland",1.0
0.0001,120440,108396109,3341249,0.0308,1102,1080,89253,65897,2768,3050000,1663,1701,0.031,0.0762,321576,0.2746,0.0001,0.0002,2473,900,178750,47566,182968,0.2167,0.0144,,0.0,0,0.0,5,251,56664384,07418,Vernon,Sussex County,07418,Sussex County,Vernon,1.0
0.0004,109201,443029186,20228802,0.0457,5042,5270,79917,56437,3653,18416800,2246,2654,0.0457,0.0563,334953,0.2361,0.0004,0.0011,9927,4057,112555,17978,116634,0.1597,0.2265,1711,0.1001,40,0.0092,5,287,47415050,07419,Hardyston,Sussex County,07419,Sussex County,"Hardyston, Vernon, Wantage, Hamburg",1.0
0.0001,107592,199798921,4980222,0.0249,2568,2580,70673,57554,1760,4519200,1038,658,0.0249,0.035,272549,0.1352,0.0001,0.0006,5185,1857,99375,17042,106062,0.1131,0.294,1714,0.0323,0,0.0,5,198,28347829,07420,Wanaque,Passaic County,07420,Passaic County,"Wanaque, Bloomingdale",1.0
0.0004,126482,354530274,19911365,0.0562,3590,3540,89661,66746,5029,18053400,3139,3227,0.0561,0.0713,368027,0.2927,0.0004,0.0008,7312,2803,134179,17213,169116,0.3346,0.0856,2192,0.0364,102,0.032,5,277,72035254,07421,West Milford,Passaic County,07421,"Passaic County, Sussex County","West Milford, Vernon",1.0
0.0002,132357,284436260,10853247,0.0382,3280,3290,78729,59042,3022,9913800,1782,864,0.0384,0.0457,307852,0.1788,0.0002,0.0007,5401,2149,106741,21748,144594,0.1857,0.0386,1660,0.0604,301,0.1171,5,217,47918851,07422,Vernon,Sussex County,07422,Sussex County,Vernon,1.0
0.0026,504778,711231907,119773306,0.1684,1948,2000,332709,202086,55958,109005800,37526,25416,0.1682,0.4004,719661,0.8661,0.0026,0.0004,4234,1409,250001,,387818,0.6515,0.0781,1914,0.0953,31,0.0199,5,94,76967618,07423,Ho-Ho-Kus,Bergen County,07423,Bergen County,Ho-Ho-Kus,1.0
0.0022,116428,1271979701,100074223,0.0787,13282,13510,87083,57179,6850,90984200,4110,4268,0.0787,0.0801,364362,0.3352,0.0022,0.003,27474,10925,106107,8099,130333,0.1723,0.327,1720,0.1808,14,0.0013,5,421,106778208,07424,Woodland Park,Passaic County,07424,Passaic County,"Woodland Park, Little Falls",1.0
0.0057,220328,2124838832,262405419,0.1235,12668,12640,152525,92864,18882,239196000,12373,16747,0.1238,0.1865,510680,0.6243,0.0057,0.0028,25471,9644,120618,10234,164071,0.2499,0.1955,2186,0.066,22,0.0022,5,383,125042213,07430,Mahwah,Bergen County,07430,Bergen County,"Mahwah, Ramsey",1.0
0.0007,157127,452838610,33318230,0.0736,3622,3650,113490,77836,8348,30235800,4735,7757,0.0736,0.1403,368354,0.4552,0.0007,0.0008,7011,2882,135909,29986,164270,0.3293,0.3171,1750,0.0973,0,0.0,5,220,59800936,07432,Midland Park,Bergen County,07432,Bergen County,Midland Park,1.0
0.0005,174876,180122361,21338045,0.1185,1262,1270,130297,77362,15566,19644600,11302,8315,0.1195,0.141,479785,0.5194,0.0005,0.0003,2453,1030,136600,18063,184504,0.232,0.2359,2527,0.0347,270,0.1914,5,317,58318282,07435,West Milford,Passaic County,07435,"Passaic County, Morris County","West Milford, Rockaway, Jefferson",1.0
0.0014,205061,897759121,66300435,0.0739,6300,6370,129510,92038,9540,60103200,6052,6819,0.0737,0.1835,371615,0.5265,0.0014,0.0014,12731,4378,162910,10560,179397,0.3534,0.0889,1536,0.1439,19,0.004,5,165,46214965,07436,Oakland,Bergen County,07436,"Bergen County, Passaic County","Oakland, Pompton Lakes",1.0
0.0006,139899,608000217,27339748,0.045,5730,5800,96572,70693,4375,25067600,2647,2983,0.0453,0.1002,326970,0.3392,0.0006,0.0013,11209,4346,120242,14489,136902,0.2078,0.098,1377,0.133,170,0.0361,5,434,71421440,07438,Jefferson,Morris County,07438,"Morris County, Passaic County","Jefferson, West Milford",1.0
0.0,118410,97925379,1536613,0.0157,1220,1230,72942,55790,1149,1401200,567,354,0.0157,0.0344,285786,0.1349,0.0,0.0003,2215,827,107569,10460,122226,0.1318,0.0726,1538,0.0528,0,0.0,5,89,20491365,07439,Ogdensburg,Sussex County,07439,Sussex County,Ogdensburg,1.0
0.0002,158290,238384992,11291259,0.0474,2292,2350,94493,72050,4468,10240000,2545,1958,0.0473,0.1091,300140,0.3465,0.0002,0.0005,4620,1506,154038,41485,167016,0.338,0.1082,921,0.1425,0,0.0,5,237,59716744,07440,Pequannock,Morris County,07440,Morris County,Pequannock,1.0
0.0004,124402,525849137,19948589,0.0379,5858,6010,81618,63323,3104,18185400,1850,1513,0.038,0.0632,306552,0.2372,0.0004,0.0013,11052,4227,113781,12101,133163,0.1819,0.2191,1716,0.0107,0,0.0,5,284,59465745,07442,Pompton Lakes,Passaic County,07442,Passaic County,Pompton Lakes,1.0
0.0018,166876,784982353,85037931,0.1083,6158,6210,115733,67713,12526,77136000,6071,4953,0.1082,0.1416,378728,0.4634,0.0018,0.0014,10941,4704,111503,6681,147313,0.2589,0.183,3370,0.0728,0,0.0,5,387,92407902,07444,Pequannock,Morris County,07444,Morris County,Pequannock,1.0
0.0037,294700,1538626106,170432516,0.1108,7594,7670,184226,113134,20388,154827400,13016,25509,0.1107,0.2489,521706,0.7048,0.0037,0.0017,14739,5221,160589,26432,207499,0.3756,0.1572,2134,0.099,0,0.0,5,233,118840249,07446,Ramsey,Bergen County,07446,Bergen County,"Ramsey, Allendale",1.0
0.0135,414913,3610986060,621857033,0.1722,11338,11610,289826,181774,50055,567521600,36338,29508,0.1727,0.3655,670895,0.8461,0.0135,0.0025,26054,8703,211154,15164,277319,0.5258,0.1695,2349,0.0949,19,0.0021,5,381,128222119,07450,Ridgewood,Bergen County,07450,Bergen County,"Ridgewood, Midland Park",1.0
0.0035,369574,1349683671,160758416,0.1191,5396,5410,227548,160197,27068,146060200,18278,15648,0.119,0.3692,486500,0.7893,0.0035,0.0012,12086,3652,202586,16694,243037,0.5025,0.0969,1909,0.073,0,0.0,5,170,88866357,07452,Glen Rock,Bergen County,07452,Bergen County,Glen Rock,1.0
0.0011,173671,739145880,50627990,0.0685,5958,6050,112676,79012,7707,45916800,5053,5938,0.0684,0.1289,365483,0.4181,0.0011,0.0013,11692,4256,141800,19180,170445,0.3278,0.0512,2178,0.0939,7,0.0016,5,196,77413914,07456,Ringwood,Passaic County,07456,Passaic County,Ringwood,1.0
0.0003,125824,239568815,11650751,0.0486,2368,2370,91909,65648,4471,10586400,2497,2810,0.0486,0.0802,328987,0.2872,0.0003,0.0005,4081,1904,103214,10864,120912,0.1733,0.2994,2568,0.255,21,0.0107,5,122,23068706,07457,Riverdale,Morris County,07457,Morris County,Riverdale,1.0
0.0156,675569,2650931066,718601269,0.2711,5592,5750,431224,193113,116703,652605200,83885,78569,0.2706,0.3913,1002750,0.9098,0.0155,0.0013,11676,3924,233669,25826,335763,0.5591,0.1231,2871,0.119,0,0.0,5,221,136727069,07458,Upper Saddle River,Bergen County,07458,Bergen County,"Upper Saddle River, Saddle River",1.0
0.0001,124942,166048532,5807607,0.035,1674,1670,90113,65421,3162,5293400,1556,2842,0.0351,0.0717,337342,0.2684,0.0001,0.0004,3131,1329,105787,22768,128655,0.225,0.0858,2220,0.0339,62,0.0446,5,212,33287085,07460,Hardyston,Sussex County,07460,"Sussex County, Passaic County, Morris County","Hardyston, West Milford, Vernon, Jefferson",1.0
0.0008,114312,797899154,37159401,0.0466,9208,9230,78740,56955,3684,33922400,2310,2265,0.0468,0.0554,327332,0.2302,0.0008,0.0021,18275,6980,103389,6842,120845,0.1456,0.1688,1467,0.0878,489,0.0621,5,354,70594126,07461,Wantage,Sussex County,07461,Sussex County,"Wantage, Vernon, Sussex",1.0
0.0002,91013,276862032,9007266,0.0325,3512,3550,71640,54213,2346,8240200,1456,1937,0.0328,0.0433,331275,0.2001,0.0002,0.0008,6712,3042,92596,16047,112997,0.1052,0.1936,1563,0.0502,219,0.0618,5,343,54251859,07462,Vernon,Sussex County,07462,Sussex County,Vernon,1.0
0.0008,183226,627182524,36785185,0.0587,5002,5110,114074,83488,6707,33550000,3900,4289,0.0588,0.1503,332331,0.438,0.0008,0.0011,10068,3423,150861,23713,176163,0.3371,0.0932,1964,0.1743,0,0.0,5,205,53832714,07463,Waldwick,Bergen County,07463,Bergen County,Waldwick,1.0
0.0006,143638,347604602,28460744,0.0819,3450,3460,91482,56063,7490,25840800,3789,1719,0.0819,0.0771,313552,0.2643,0.0006,0.0008,6032,2420,112366,14839,132596,0.1818,0.1851,2058,0.0505,54,0.0213,5,254,41033128,07465,Wanaque,Passaic County,07465,Passaic County,"Wanaque, Bloomingdale",1.0
0.0075,197871,3741139972,345747099,0.0924,26138,26410,130131,84672,12024,314292000,7695,11348,0.0924,0.1664,428850,0.5485,0.0075,0.0059,54557,18907,147740,7597,179098,0.3304,0.2205,2038,0.0907,20,0.001,5,474,151892676,07470,Wayne,Passaic County,07470,Passaic County,"Wayne, North Haledon, Totowa",1.0
0.0008,133351,789970031,38041674,0.0482,7912,7980,90738,66071,4378,34637400,2423,3292,0.0482,0.0822,319778,0.2895,0.0008,0.0018,14884,5924,111786,17098,133677,0.1967,0.1166,1384,0.1384,198,0.0313,5,401,71187755,07480,West Milford,Passaic County,07480,Passaic County,West Milford,1.0
0.0084,381935,2229354177,389123822,0.1745,8060,8170,251678,146198,44003,354666400,29721,29141,0.1748,0.336,605676,0.8086,0.0084,0.0018,16802,5837,184458,18071,257327,0.4561,0.0908,2175,0.1091,19,0.0031,5,252,179746461,07481,Wyckoff,Bergen County,07481,Bergen County,"Wyckoff, Franklin Lakes",1.0
0.0001,46255,563011950,3161444,0.0056,16976,17230,30143,25481,170,2881000,119,167,0.0056,0.0018,321533,0.0189,0.0001,0.0038,35492,12172,38776,3399,59157,0.0309,0.8646,1353,0.0127,20,0.0015,5,578,60045177,07501,Paterson,Passaic County,07501,Passaic County,Paterson,1.0
0.0001,82429,375956848,3742667,0.01,8612,8560,39688,33298,397,3422400,275,266,0.01,0.006,278308,0.0423,0.0001,0.0019,17328,4561,72036,11878,90066,0.0774,0.4462,1418,0.0401,0,0.0,5,329,46784909,07502,Paterson,Passaic County,07502,Passaic County,Paterson,1.0
0.0001,59518,374430084,3129345,0.0084,9520,9610,35747,29122,301,2865200,246,650,0.0084,0.0036,360447,0.036,0.0001,0.0021,19625,6291,60431,4442,80627,0.0509,0.7117,1525,0.0409,0,0.0,5,504,65994730,07503,Paterson,Passaic County,07503,Passaic County,Paterson,1.0
0.0,74884,311741771,2104305,0.0068,7422,7500,38171,31571,257,1905800,159,236,0.0067,0.0062,317235,0.0515,0.0,0.0017,13781,4163,64810,10048,88133,0.097,0.6416,1441,0.0118,21,0.0048,5,416,51124068,07504,Paterson,Passaic County,07504,Passaic County,Paterson,1.0
0.0,25289,39248826,9642,0.0002,1234,1300,28973,24666,7,8600,2,0,0.0002,0.0,,0.0,0.0,0.0003,4592,1552,23780,16129,35745,0.0058,0.9652,1009,0.0137,0,0.0,5,283,14476908,07505,Paterson,Passaic County,07505,Passaic County,Paterson,1.0
0.001,121611,922420581,47439208,0.0514,10200,10340,82178,60907,4236,43205200,2579,2689,0.0515,0.0661,343187,0.276,0.001,0.0023,19456,7585,105168,8650,131850,0.1933,0.3213,1746,0.0706,77,0.0098,5,336,72683269,07506,Hawthorne,Passaic County,07506,Passaic County,Hawthorne,1.0
0.001,118286,953856537,48128772,0.0505,12458,12660,69679,50142,3518,43831200,2114,2973,0.0505,0.0546,373579,0.2926,0.001,0.0028,23631,8064,95711,9088,121656,0.1824,0.3673,1693,0.1155,0,0.0,5,381,65880985,07508,North Haledon,Passaic County,07508,Passaic County,"North Haledon, Haledon, Prospect Park, Paterson",1.0
0.0008,146642,554452871,35925311,0.0648,5784,6000,87175,60216,5658,32723200,3524,5061,0.0649,0.0761,372079,0.3247,0.0008,0.0013,10975,3781,112097,12092,144604,0.2261,0.2253,1620,0.1875,0,0.0,5,215,54910753,07512,Totowa,Passaic County,07512,Passaic County,Totowa,1.0
0.0,75203,237716836,586074,0.0025,6652,6590,32454,27688,81,538400,56,162,0.0025,0.0,,0.0,0.0,0.0015,11069,3161,71023,13398,85554,0.0668,0.6836,1524,0.0,0,0.0,5,342,38889224,07513,Paterson,Passaic County,07513,Passaic County,Paterson,1.0
0.0001,63255,390093846,3452276,0.0088,9932,10170,35690,29260,317,3144000,225,222,0.0089,0.004,282450,0.0319,0.0001,0.0022,18461,6167,56686,9936,67201,0.0143,0.69,1406,0.0224,0,0.0,5,537,53095893,07514,Paterson,Passaic County,07514,Passaic County,Paterson,1.0
0.0,51660,368853836,1226499,0.0033,10998,11090,30487,26074,103,1128400,79,93,0.0034,0.0004,281850,0.0034,0.0,0.0025,22377,7140,46711,3672,62703,0.0304,0.7902,1368,0.0179,0,0.0,5,384,47876779,07522,Paterson,Passaic County,07522,Passaic County,Paterson,1.0
0.0,52091,232900965,395048,0.0017,6868,6920,30812,26297,52,357400,33,236,0.0017,0.0,,0.0,0.0,0.0015,15139,4471,47889,3527,72253,0.0535,0.7495,1377,0.0054,0,0.0,5,392,52554048,07524,Paterson,Passaic County,07524,Passaic County,Paterson,1.0
0.0016,85251,1685404592,75234419,0.0446,23916,24820,64073,49249,2849,68132000,1741,1904,0.0445,0.0335,387411,0.2023,0.0016,0.0054,45758,19770,79133,5331,100016,0.1058,0.6351,1750,0.1154,17,0.0008,5,631,113671444,07601,Hackensack,Bergen County,07601,Bergen County,"Hackensack, River Edge",1.0
0.0002,105125,336295465,8539306,0.0254,4560,4690,67089,53488,1707,7783400,1014,1083,0.0254,0.0382,296284,0.1685,0.0002,0.001,8940,3199,113260,9280,129921,0.1557,0.3264,1771,0.0988,0,0.0,5,252,40445863,07603,Bogota,Bergen County,07603,Bergen County,Bogota,1.0
0.0009,155092,664258364,40639718,0.0612,6266,6350,96373,70842,5933,37174000,3572,3373,0.0616,0.1047,343869,0.3736,0.0009,0.0014,12080,4283,114219,14748,138438,0.2244,0.2881,1587,0.0346,0,0.0,5,277,59232557,07604,Hasbrouck Heights,Bergen County,07604,Bergen County,"Hasbrouck Heights, Teterboro, Moonachie",1.0
0.0011,163875,563893123,52878896,0.0938,4310,4350,118815,81170,11067,47697400,6815,7022,0.0931,0.161,405578,0.5496,0.0011,0.001,9291,3441,110583,6782,162627,0.2772,0.3287,1947,0.0685,29,0.0081,5,354,88482994,07605,Leonia,Bergen County,07605,Bergen County,"Leonia, Fort Lee, Englewood",1.0
0.0001,108567,99664903,3380725,0.0339,1444,1450,62688,43281,2123,3066200,1156,1499,0.0339,0.0305,462577,0.2248,0.0001,0.0003,2820,918,87813,23380,119333,0.1275,0.5011,1801,0.0089,12,0.0123,5,92,34408053,07606,South Hackensack,Bergen County,07606,Bergen County,"South Hackensack, Teterboro, Moonachie",1.0
0.0005,135427,501349512,23702375,0.0473,5072,5070,89833,66678,4250,21556600,2481,2692,0.0473,0.0832,343138,0.3178,0.0005,0.0011,10040,3702,119057,18877,132831,0.1988,0.2996,1880,0.1216,29,0.0075,5,225,34976095,07607,Maywood,Bergen County,07607,Bergen County,Maywood,1.0
,,,,,,,,,,,,,,,,,,,91,27,,,100519,0.037,1.0,1783,0.0,0,0.0,,14,1653864,07608,Teterboro,Bergen County,07608,Bergen County,"Teterboro, Moonachie, Hasbrouck Heights",1.0
,,,,,,,,,,,,,,,,,,,1449,515,228194,56061,352198,0.5301,0.068,2750,0.3664,0,0.0,,74,37527887,07620,Alpine,Bergen County,07620,Bergen County,Alpine,1.0
0.0022,150673,1402159214,99598063,0.071,14002,14150,91135,65954,6543,91614200,4778,4826,0.0718,0.073,474195,0.3798,0.0022,0.0031,28223,9306,121738,10118,135304,0.1845,0.3044,1651,0.2414,0,0.0,5,437,76958843,07621,Bergenfield,Bergen County,07621,Bergen County,"Bergenfield, Dumont",1.0
0.0025,317615,864230975,117470919,0.1359,3946,3930,199525,124518,27011,106584400,19360,20725,0.1354,0.2529,588528,0.746,0.0025,0.0009,8555,2721,181652,31756,223247,0.4513,0.1937,2558,0.036,33,0.0115,5,121,52292981,07624,Closter,Bergen County,07624,Bergen County,Closter,1.0
0.0049,349223,1068623698,225974157,0.2115,3972,4040,244608,131843,51790,205710200,36960,22181,0.2117,0.2583,745438,0.7872,0.0049,0.0009,9105,3060,162430,17656,196492,0.3745,0.1958,2075,0.0251,0,0.0,5,228,69218162,07626,Cresskill,Bergen County,07626,Bergen County,Cresskill,1.0
0.0034,459512,776575909,156976623,0.2021,2262,2290,312918,171326,62818,142095200,43895,46868,0.2008,0.3475,769550,0.8545,0.0034,0.0005,4930,1690,165119,35245,264603,0.4491,0.1497,3501,0.0832,0,0.0,5,104,60767901,07627,Demarest,Bergen County,07627,Bergen County,Demarest,1.0
0.0007,128857,849552974,31593304,0.0372,9094,9280,84895,66372,3150,28642200,1774,1354,0.0371,0.0735,298382,0.2582,0.0007,0.002,18014,6593,116708,10652,140251,0.172,0.278,1710,0.0141,0,0.0,5,350,104505231,07628,Dumont,Bergen County,07628,Bergen County,Dumont,1.0
0.0009,194338,510330936,40112003,0.0786,3624,3620,128077,91349,10086,36550200,6091,5865,0.0787,0.181,377070,0.5329,0.0009,0.0008,7281,2626,141908,15708,167631,0.2894,0.1161,2024,0.0689,0,0.0,5,142,60459980,07630,Emerson,Bergen County,07630,Bergen County,Emerson,1.0
0.0109,208371,2358138227,503221610,0.2134,14674,14880,146326,74589,31511,462397800,22486,14822,0.2154,0.1078,915131,0.6742,0.011,0.0033,29109,11317,93134,8347,154141,0.2204,0.4541,1729,0.289,98,0.008,5,522,192221849,07631,Englewood,Bergen County,07631,Bergen County,"Englewood, Leonia",1.0
0.0058,565598,1052012752,269173554,0.2559,2798,2860,341971,160275,87507,244845200,58486,49832,0.2559,0.3481,856414,0.8718,0.0058,0.0006,5347,1860,213261,31345,301952,0.5457,0.1726,3501,0.2432,0,0.0,5,130,106412606,07632,Englewood Cliffs,Bergen County,07632,Bergen County,Englewood Cliffs,1.0
0.0009,250259,434700289,43217423,0.0994,2272,2310,173837,111268,17316,39341600,9940,15048,0.0996,0.2685,438637,0.6775,0.0009,0.0005,4826,1737,183138,30566,246676,0.4249,0.0236,3501,0.1091,0,0.0,5,132,75498788,07640,Harrington Park,Bergen County,07640,Bergen County,Harrington Park,1.0
0.0012,376594,402578779,55803283,0.1386,1626,1610,225402,135683,31131,50619600,21608,27744,0.1381,0.3419,522924,0.7933,0.0012,0.0004,3342,1069,215972,26328,252024,0.5426,0.0711,,0.0714,15,0.0127,5,69,30174465,07641,Haworth,Bergen County,07641,Bergen County,Haworth,1.0
0.0012,227996,778834003,56547387,0.0726,5084,5140,139321,101125,10102,51357000,5725,7989,0.0725,0.2223,367575,0.5864,0.0012,0.0011,10125,3416,175802,19720,197759,0.421,0.0919,1755,0.1163,0,0.0,5,138,46678026,07642,Hillsdale,Bergen County,07642,Bergen County,Hillsdale,1.0
0.0003,92033,398870848,12086987,0.0303,5728,5800,63241,48463,1919,10994000,1070,1745,0.0303,0.0297,369699,0.1735,0.0003,0.0013,10954,4334,72722,16305,107026,0.1054,0.5981,1705,0.0555,0,0.0,5,348,54107448,07643,Little Ferry,Bergen County,07643,Bergen County,Little Ferry,1.0
0.0004,84594,784950862,19319260,0.0246,13082,13120,54500,44168,1344,17587400,823,929,0.0247,0.0193,299435,0.1058,0.0004,0.0029,25969,9279,80044,10287,113573,0.1658,0.5568,1596,0.0757,33,0.0034,5,369,104098615,07644,Lodi,Bergen County,07644,Bergen County,Lodi,1.0
0.0023,273709,839191509,105477123,0.1257,4358,4680,175399,111520,21962,95708400,13484,15891,0.1252,0.2561,474117,0.6922,0.0023,0.001,8413,3066,175179,28883,202387,0.4312,0.1598,2038,0.0209,0,0.0,5,227,72482364,07645,Montvale,Bergen County,07645,Bergen County,Montvale,1.0
0.001,138171,852513838,44379969,0.0521,8504,8570,91105,68343,4719,40129200,2908,3366,0.0518,0.0891,330321,0.3232,0.001,0.0019,16888,6170,107976,9960,139521,0.2381,0.3647,1669,0.0829,11,0.0017,5,251,64489055,07646,New Milford,Bergen County,07646,Bergen County,New Milford,1.0
0.0004,182606,311160169,16959118,0.0545,2444,2450,115830,82829,6319,15443000,3598,8748,0.0546,0.1334,419807,0.4834,0.0004,0.0005,5336,1704,122222,14891,171635,0.2688,0.213,1697,0.113,2,0.0012,5,93,52876623,07647,Northvale,Bergen County,07647,Bergen County,"Northvale, Rockleigh",1.0
0.0013,243492,478219151,58909674,0.1232,2704,2800,160905,92806,19897,53800800,12754,19880,0.1237,0.2019,516178,0.6478,0.0013,0.0006,5657,1964,156630,20034,177425,0.334,0.1512,2121,0.0561,0,0.0,5,161,37352106,07648,Norwood,Bergen County,07648,Bergen County,Norwood,1.0
0.0021,302852,827693272,97751900,0.1181,3912,3970,192439,124087,22810,89234200,15017,18995,0.1185,0.3016,464554,0.7282,0.0021,0.0009,8208,2733,196023,31698,222473,0.4903,0.0999,1917,0.0689,0,0.0,5,135,55899559,07649,Oradell,Bergen County,07649,Bergen County,Oradell,1.0
0.0008,94159,670317470,39168746,0.0584,9856,10160,61916,45980,3614,35621800,2653,2931,0.0584,0.0489,351255,0.2774,0.0008,0.0022,20231,7119,93250,13003,120465,0.1667,0.6251,1897,0.1301,12,0.0016,5,366,65358905,07650,Palisades Park,Bergen County,07650,Bergen County,Palisades Park,1.0
0.0053,234517,1972290972,243344359,0.1234,13016,13190,137717,83671,17044,221841600,10787,11478,0.1238,0.1795,448971,0.5851,0.0053,0.0029,26582,8410,136824,12056,168824,0.2784,0.1851,2648,0.0776,18,0.002,5,371,109579371,07652,Paramus,Bergen County,07652,Bergen County,Paramus,1.0
0.0023,234014,749545590,106115239,0.1416,4584,4630,148836,91227,21065,96560800,14060,11233,0.1415,0.2072,439121,0.6114,0.0023,0.001,9098,3203,164241,19796,184675,0.38,0.1792,1887,0.0969,0,0.0,5,159,37893035,07656,Park Ridge,Bergen County,07656,Bergen County,Park Ridge,1.0
0.0005,114648,461803583,24986431,0.0541,5786,5820,72676,51137,3924,22702000,2269,2957,0.054,0.0529,400109,0.2912,0.0005,0.0013,11465,4028,105609,9033,128594,0.1825,0.5385,1782,0.0489,8,0.0019,5,216,44850337,07657,Ridgefield,Bergen County,07657,Bergen County,Ridgefield,1.0
0.0003,105141,533066322,14340873,0.0269,6978,7070,69381,56594,1875,13084600,1084,911,0.027,0.051,307515,0.2261,0.0003,0.0016,13161,5070,94047,15225,110014,0.1404,0.4527,1598,0.0731,0,0.0,5,354,56832775,07660,Ridgefield Park,Bergen County,07660,Bergen County,Ridgefield Park,1.0
0.0011,180541,788784511,51518675,0.0653,5650,5690,126986,96273,8255,46638600,5091,3630,0.065,0.1912,355456,0.5351,0.0011,0.0013,12022,4369,150073,19746,197064,0.3742,0.2186,1789,0.012,22,0.0049,5,252,117565272,07661,River Edge,Bergen County,07661,Bergen County,River Edge,1.0
0.0003,117661,279563210,12583397,0.045,3112,3140,81627,59324,3679,11450600,1938,1668,0.0451,0.063,327815,0.2529,0.0003,0.0007,5790,2376,110944,28886,136399,0.2269,0.2104,1683,0.1541,0,0.0,5,175,41716216,07662,Rochelle Park,Bergen County,07662,Bergen County,Rochelle Park,1.0
0.0007,135576,721401565,34188159,0.0474,7776,7930,84459,62702,4001,31108600,2169,3253,0.0474,0.0628,366290,0.2722,0.0007,0.0017,14320,5321,123238,14538,136889,0.2477,0.3287,1912,0.1344,0,0.0,5,276,70987482,07663,Saddle Brook,Bergen County,07663,Bergen County,Saddle Brook,1.0
0.0085,223225,2976256020,393657170,0.1323,20236,20470,133788,78877,17710,358382400,12094,12999,0.1324,0.14,560982,0.5872,0.0085,0.0045,41427,13333,130080,12511,182014,0.2984,0.2218,1721,0.3592,0,0.0,5,503,173209649,07666,Teaneck,Bergen County,07666,Bergen County,Teaneck,1.0
0.0141,514396,2611075088,650833162,0.2493,6488,6590,366717,184722,91500,593649400,67102,50214,0.2495,0.3647,892202,0.8872,0.0141,0.0015,15299,5076,207652,18077,291096,0.5179,0.2569,3053,0.0979,0,0.0,5,213,134501307,07670,Tenafly,Bergen County,07670,Bergen County,Tenafly,1.0
0.0071,255544,2455520424,327897431,0.1335,13354,13560,167386,100865,22389,298987800,15104,16112,0.1338,0.2161,515235,0.6652,0.0071,0.003,26989,9609,168662,4529,202430,0.3993,0.2309,2143,0.1178,61,0.006,5,367,120240913,07675,River Vale,Bergen County,07675,Bergen County,"River Vale, Old Tappan, Westwood",1.0
0.0013,216314,727247172,59413580,0.0817,4680,4670,141423,92666,11545,54030200,6413,9501,0.0816,0.1944,407642,0.5605,0.0013,0.001,9268,3362,155930,18374,197908,0.3614,0.0482,2057,0.1179,0,0.0,5,138,62886728,07676,Washington,Bergen County,07676,Bergen County,Washington,1.0
0.0041,436288,924930341,190887463,0.2064,2962,2940,283232,150460,58431,173071600,39741,37643,0.2063,0.3862,621696,0.8478,0.0041,0.0007,6096,2120,227500,50836,231749,0.5505,0.1142,2120,0.0225,16,0.0074,5,118,60910579,07677,Woodcliff Lake,Bergen County,07677,Bergen County,Woodcliff Lake,1.0
0.006,163911,1817939862,279017635,0.1535,12788,13080,129638,75579,19971,255386000,12770,8080,0.1541,0.1356,559971,0.5857,0.0061,0.0029,25253,11091,109911,12064,172816,0.2692,0.3379,1900,0.1824,55,0.0048,5,613,304353341,07701,Middletown,Monmouth County,07701,Monmouth County,"Middletown, Red Bank, Tinton Falls",1.0
0.0011,302787,420268935,51800511,0.1233,2066,2060,185118,113215,22719,46936600,14292,16672,0.1227,0.2643,493364,0.7043,0.0011,0.0005,4138,1388,158065,24969,202192,0.4013,0.1347,3501,0.0614,0,0.0,5,91,33444945,07702,Shrewsbury,Monmouth County,07702,Monmouth County,Shrewsbury,1.0
,,,,,,,,,,,,,,,,,,,0,0,,,,,,,,0,0.0,,14,,07703,Eatontown,Monmouth County,07703,Monmouth County,"Eatontown, Oceanport",1.0
0.0032,450808,949401025,146160196,0.1539,2788,2840,309954,202209,47528,132508800,33956,33028,0.1533,0.401,673851,0.8718,0.0031,0.0006,6221,2106,229643,40339,330233,0.5632,0.0722,3501,0.1425,0,0.0,5,127,100540757,07704,Fair Haven,Monmouth County,07704,Monmouth County,"Fair Haven, Little Silver",1.0
,,,,,,670,,,,,,,,,,,,,1811,637,125750,50367,251248,0.3909,0.1617,1567,0.1758,229,0.253,5,110,50714527,07711,Ocean,Monmouth County,07711,Monmouth County,"Ocean, Allenhurst, Loch Arbour",1.0
0.0049,126761,2196005741,226603240,0.1032,20682,20680,96570,63575,9993,206666400,7106,6059,0.1035,0.0962,472857,0.4711,0.0049,0.0046,39271,17324,91275,7055,129378,0.1827,0.4952,1437,0.1092,742,0.0392,5,587,166068899,07712,Ocean,Monmouth County,07712,Monmouth County,"Ocean, Tinton Falls, Asbury Park, Interlaken, Neptune",1.0
0.0014,180843,662065067,66845610,0.101,4428,4470,136182,89812,13704,60681400,9349,10881,0.1006,0.1743,459910,0.5888,0.0014,0.001,8279,3661,111611,14830,162150,0.2494,0.3341,1795,0.0591,22,0.0058,5,327,73327214,07716,Middletown,Monmouth County,07716,Monmouth County,"Middletown, Atlantic Highlands",1.0
0.0007,260432,226055356,34518334,0.1527,1086,1060,189608,100957,29158,31665400,19326,21158,0.1538,0.1915,713777,0.721,0.0008,0.0002,1792,868,106563,12122,182706,0.2281,0.3157,1628,0.2611,270,0.2143,5,110,38514691,07717,Avon-by-the-Sea,Monmouth County,07717,Monmouth County,Avon-by-the-Sea,1.0
0.0002,128434,309654176,8845107,0.0286,3238,3240,86950,66721,2485,8045800,1370,1437,0.0286,0.0772,295898,0.2627,0.0002,0.0007,6667,2411,160154,49516,160900,0.2924,0.051,1542,0.1632,0,0.0,5,320,80152840,07718,Middletown,Monmouth County,07718,Monmouth County,Middletown,1.0
0.0041,173683,1569051938,188379555,0.1201,11888,11980,120070,71464,14432,171570400,10699,10216,0.1202,0.1289,489354,0.5252,0.0041,0.0027,21994,9034,116116,11397,148780,0.2392,0.2638,1695,0.1459,1121,0.1048,5,467,110102161,07719,Wall,Monmouth County,07719,Monmouth County,"Wall, Belmar, Lake Como",1.0
0.0005,126381,243031368,23351261,0.0961,2312,2320,96101,59342,9280,21456000,6238,5251,0.0966,0.0978,438459,0.446,0.0005,0.0005,4151,1923,89967,24149,116131,0.1014,0.5434,1678,0.0475,624,0.2337,5,187,34521589,07720,Bradley Beach,Monmouth County,07720,Monmouth County,Bradley Beach,1.0
0.0,108687,159335442,1840285,0.0115,1992,2120,72859,63337,842,1676800,546,554,0.0116,0.0492,289992,0.1958,0.0,0.0004,3958,1466,105302,18749,113530,0.146,0.4911,1912,0.3149,0,0.0,5,222,43354785,07721,Aberdeen,Monmouth County,07721,"Monmouth County, Middlesex County","Aberdeen, Old Bridge",1.0
0.0072,466508,1654236310,333804407,0.2018,5010,5020,300889,141958,60861,304911400,45986,58685,0.2023,0.3146,813969,0.851,0.0072,0.0011,10014,3546,185417,38701,253209,0.4504,0.0807,2475,0.2411,59,0.016,5,187,134866815,07722,Colts Neck,Monmouth County,07722,Monmouth County,"Colts Neck, Howell, Tinton Falls, Holmdel",1.0
,,,,,,440,,,,,,,,,,,,,728,296,73796,46883,180032,0.2568,0.4493,1345,0.2936,895,0.7276,5,61,24389588,07723,Deal,Monmouth County,07723,Monmouth County,"Deal, Ocean",1.0
0.0025,135187,1331318568,113374397,0.0852,12314,12510,98279,64266,8334,102627200,5447,5862,0.0848,0.103,413807,0.4336,0.0024,0.0028,23739,9848,96794,5198,132024,0.186,0.2898,1557,0.2407,56,0.0055,5,372,108353142,07724,Tinton Falls,Monmouth County,07724,Monmouth County,"Tinton Falls, Eatontown, Shrewsbury",1.0
0.0062,191174,3114221545,285738594,0.0918,22328,22400,126830,84766,11645,260012000,8139,8687,0.0918,0.1669,414234,0.545,0.0062,0.005,44707,16290,144470,13286,177901,0.3246,0.1296,1798,0.0585,243,0.0144,5,597,247819774,07726,Manalapan,Monmouth County,07726,"Monmouth County, Middlesex County","Manalapan, Marlboro, Englishtown, Old Bridge, Millstone",1.0
0.001,194074,502263221,45547895,0.0907,4000,4220,114507,68994,10463,41850400,6745,8112,0.0914,0.141,406175,0.5001,0.001,0.0009,6982,2588,129857,10034,141540,0.2361,0.1611,1436,0.0152,16,0.0056,5,285,52300775,07727,Howell,Monmouth County,07727,Monmouth County,"Howell, Wall, Tinton Falls, Farmingdale",1.0
0.0052,153230,3177677271,238625147,0.0751,27706,27990,104307,70719,7839,217197200,5246,7136,0.0752,0.1213,407422,0.474,0.0052,0.0062,56896,20738,104417,7879,140311,0.2472,0.2263,1768,0.08,57,0.0027,5,691,164622840,07728,Freehold,Monmouth County,07728,Monmouth County,"Freehold, Howell",1.0
0.0007,137878,878281918,32203490,0.0367,8836,8980,90341,68096,3322,29350000,2010,1317,0.0368,0.0826,308513,0.2821,0.0007,0.002,16720,6370,118034,7216,134794,0.1989,0.0901,1188,0.035,31,0.0048,5,303,53556726,07730,Hazlet,Monmouth County,07730,Monmouth County,"Hazlet, Union Beach, Holmdel",1.0
0.0014,143107,1901750406,66762802,0.0351,19932,19810,86657,66553,3054,60865200,1894,2180,0.0352,0.0786,316537,0.287,0.0014,0.0045,39684,13289,129501,5062,141463,0.2093,0.0996,2164,0.0706,43,0.0031,5,492,114607117,07731,Howell,Monmouth County,07731,Monmouth County,"Howell, Wall",1.0
0.0004,113056,286710230,18769613,0.0655,2496,2490,104639,75312,6873,17154200,4170,3754,0.0657,0.113,412016,0.4449,0.0004,0.0006,4740,2536,87039,21733,133779,0.1877,0.3277,1725,0.0,233,0.0786,5,225,60541953,07732,Middletown,Monmouth County,07732,Monmouth County,"Middletown, Highlands",1.0
0.0062,366147,2206403453,287826129,0.1305,8070,8240,248404,138456,32497,262247800,21319,41203,0.1308,0.32,627310,0.808,0.0062,0.0018,17130,6026,171071,14152,248584,0.4222,0.0967,3115,0.1112,0,0.0,5,281,162953598,07733,Holmdel,Monmouth County,07733,Monmouth County,Holmdel,1.0
0.0001,71556,365009375,6701716,0.0184,6028,6160,55075,43387,1014,6113600,650,470,0.0184,0.0189,296711,0.1019,0.0001,0.0014,13540,5101,84508,6863,95243,0.0978,0.3964,1558,0.0642,0,0.0,5,285,46484801,07734,Keansburg,Monmouth County,07734,Monmouth County,"Keansburg, Hazlet, Middletown",1.0
0.0004,93981,741981968,16573789,0.0223,9840,9850,68537,54229,1534,15091400,955,742,0.0224,0.037,287026,0.1549,0.0004,0.0022,19369,7895,93839,10635,114422,0.1412,0.228,1328,0.1915,101,0.0119,5,403,57568223,07735,Union Beach,Monmouth County,07735,"Monmouth County, Middlesex County","Union Beach, Keyport, Aberdeen, Old Bridge",1.0
0.0002,165983,247314870,10225204,0.0413,2118,2090,106121,78430,4425,9373200,2715,3589,0.0417,0.1228,381712,0.4416,0.0002,0.0005,4181,1490,126136,7846,146185,0.2221,0.106,1440,0.0255,9,0.0055,5,154,34570884,07737,Middletown,Monmouth County,07737,Monmouth County,Middletown,1.0
0.0013,299171,695272606,60818232,0.0875,3380,3530,187510,125954,16502,55776800,10907,20732,0.088,0.2964,461850,0.7302,0.0013,0.0008,6793,2324,186875,22528,230560,0.4475,0.0882,871,0.3599,0,0.0,5,208,77565955,07738,Middletown,Monmouth County,07738,Monmouth County,"Middletown, Holmdel",1.0
0.0026,372810,838077768,122398202,0.146,3038,3050,250975,142976,36735,111600200,25117,29869,0.1464,0.3311,610281,0.8052,0.0027,0.0007,6104,2248,216974,44896,278125,0.5507,0.0383,3501,0.2185,56,0.024,5,135,82017509,07739,Little Silver,Monmouth County,07739,Monmouth County,Little Silver,1.0
0.0025,86838,1118124834,116964938,0.1046,13792,14000,73853,42663,7750,106894400,5367,7119,0.1049,0.056,543261,0.4117,0.0025,0.0031,32091,12876,72520,7386,98935,0.1086,0.5713,1646,0.1409,1284,0.085,5,576,97587744,07740,Long Branch,Monmouth County,07740,Monmouth County,"Long Branch, Ocean",1.0
0.0036,275321,1647517981,168508481,0.1023,9026,9200,166019,104820,17003,153465200,11068,19593,0.1024,0.246,450714,0.6677,0.0036,0.002,18230,5984,179102,11922,234695,0.4569,0.045,2736,0.0892,20,0.0033,5,371,146227624,07746,Marlboro,Monmouth County,07746,Monmouth County,Marlboro,1.0
0.0021,139463,1832126628,94943493,0.0518,16488,16600,101012,75557,5254,86627600,3335,3327,0.052,0.116,336787,0.3866,0.0021,0.0037,32749,13137,123183,7124,146283,0.2221,0.2373,1894,0.1328,27,0.002,5,594,113630163,07747,Old Bridge,Middlesex County,07747,"Middlesex County, Monmouth County","Old Bridge, Aberdeen, Matawan, Marlboro",1.0
0.0028,189732,1919514621,127189501,0.0663,14076,14270,123996,89204,8210,115561400,5285,5943,0.0662,0.1706,383174,0.5273,0.0027,0.0032,28112,10117,141241,11835,174512,0.306,0.1517,1512,0.0868,0,0.0,5,538,149279034,07748,Middletown,Monmouth County,07748,Monmouth County,"Middletown, Keansburg",1.0
0.0019,323341,491478933,87890841,0.1788,1824,1820,245273,137401,43937,80140200,31892,26651,0.1791,0.273,710355,0.7907,0.0019,0.0004,3199,1520,144792,51065,249545,0.3908,0.2217,2097,0.2917,364,0.1903,5,132,69342537,07750,Monmouth Beach,Monmouth County,07750,Monmouth County,Monmouth Beach,1.0
0.0047,259796,1878582341,218239727,0.1162,10254,10390,166495,108764,19256,197451000,13989,18822,0.1157,0.2362,479220,0.6798,0.0047,0.0023,21311,7231,168351,21362,221872,0.4201,0.0945,2443,0.0367,229,0.0303,5,511,148876901,07751,Marlboro,Monmouth County,07751,Monmouth County,Marlboro,1.0
0.002,101908,1618809602,93818090,0.058,20746,20670,70945,49122,4131,85695200,2426,1917,0.0582,0.047,342103,0.2269,0.002,0.0046,37243,15885,85352,8303,111395,0.1391,0.325,1639,0.0574,204,0.0123,5,663,115203040,07753,Neptune,Monmouth County,07753,Monmouth County,"Neptune, Tinton Falls, Wall, Neptune City",1.0
0.0016,227333,460804930,73819301,0.1602,2950,2810,141814,68103,22828,67341400,18260,21434,0.161,0.1166,732487,0.6023,0.0016,0.0007,6495,2027,126397,10923,164245,0.2116,0.1934,2331,0.5057,247,0.1039,5,174,68448523,07755,Ocean,Monmouth County,07755,Monmouth County,Ocean,1.0
0.0004,101776,187064953,18938510,0.1012,1690,1640,100761,61223,10196,17230400,6255,3175,0.1012,0.1053,431833,0.4514,0.0004,0.0004,3246,1838,72500,12862,125293,0.1344,0.4875,1324,0.64,689,0.2415,5,230,53492680,07756,Neptune,Monmouth County,07756,Monmouth County,"Neptune, Bradley Beach",1.0
0.0012,199316,490117368,54511383,0.1112,3060,3100,146153,89504,16464,50378600,11026,12889,0.1126,0.1869,483371,0.6182,0.0012,0.0007,6119,2459,132723,38897,164682,0.2656,0.074,,0.1532,22,0.0084,5,208,55435896,07757,Oceanport,Monmouth County,07757,Monmouth County,"Oceanport, Long Branch",1.0
0.0002,147274,241676995,7768799,0.0321,2500,2480,87824,67323,2829,7073200,1724,1830,0.0322,0.0832,320358,0.3035,0.0002,0.0006,4462,1641,116927,26663,141788,0.2657,0.2041,1191,0.1464,0,0.0,5,283,41644233,07758,Middletown,Monmouth County,07758,Monmouth County,Middletown,1.0
0.014,722525,2507885196,648223665,0.2585,4734,4820,483607,248645,125077,592113400,90653,69592,0.2586,0.3697,1199554,0.9169,0.0141,0.0011,9613,3471,201534,25226,356022,0.5039,0.1305,1891,0.2559,261,0.0669,5,189,127711758,07760,Rumson,Monmouth County,07760,Monmouth County,"Rumson, Middletown, Sea Bright",1.0
0.0038,236697,951046891,175577887,0.1846,4820,4890,179767,92856,33153,159796600,20765,18748,0.1844,0.1826,687541,0.6983,0.0038,0.0011,8196,4018,111366,14302,165766,0.2566,0.3362,1693,0.2011,849,0.1697,5,227,64997997,07762,Spring Lake,Monmouth County,07762,Monmouth County,"Spring Lake, Spring Lake Heights, Wall",1.0
0.0009,142155,390498431,40276160,0.1031,3330,3240,106535,62620,11079,36893000,7347,10150,0.104,0.1225,402747,0.4632,0.0009,0.0007,8547,2747,114036,19822,150923,0.2359,0.269,1862,0.2448,118,0.0389,5,212,46870678,07764,West Long Branch,Monmouth County,07764,Monmouth County,West Long Branch,1.0
0.0004,82689,735847206,19496129,0.0265,13060,13640,51226,41280,1361,17772800,795,585,0.0266,0.0221,289368,0.1246,0.0004,0.0029,26548,8899,70942,11415,111329,0.1081,0.5228,1714,0.0106,28,0.003,5,432,222539274,07801,Rockaway,Morris County,07801,Morris County,"Rockaway, Dover, Victory Gardens, Wharton, Randolph",1.0
0.0001,124810,174235429,5943781,0.0341,2126,2190,74448,56478,2524,5366000,1527,865,0.0339,0.0414,344393,0.1915,0.0001,0.0005,3990,1396,110208,11717,132789,0.164,0.091,1807,0.1331,0,0.0,5,118,21329997,07803,Mine Hill,Morris County,07803,Morris County,Mine Hill,1.0
,,,,,,,,,,,,,,,,,,,1,0,,,,,,,,0,,,14,,07820,Allamuchy,Warren County,07820,Warren County,Allamuchy,1.0
0.0007,151453,540233154,31799372,0.0589,4508,4570,108992,74755,6421,28947200,4175,8118,0.0589,0.1251,380143,0.4364,0.0007,0.001,9571,3567,143477,15985,156117,0.2201,0.0925,1622,0.1035,227,0.0583,5,329,80003494,07821,Byram,Sussex County,07821,"Sussex County, Warren County","Byram, Green, Hopatcong, Allamuchy, Andover, Frelinghuysen",1.0
,,,,,,520,,,,,,,,,,,,,947,322,105882,33201,130983,0.1335,0.0,,0.1233,0,0.0,5,76,12635949,07822,Frankford,Sussex County,07822,Sussex County,Frankford,1.0
0.0003,80123,285078186,14949790,0.0524,3678,3730,70370,45276,3684,13549200,1939,977,0.0523,0.0419,295888,0.1761,0.0003,0.0008,7644,3558,75104,15229,87518,0.0677,0.3477,866,0.089,24,0.0065,5,205,23466341,07823,White,Warren County,07823,Warren County,"White, Liberty, Belvidere, Hope",1.0
0.0008,147059,517501112,36344077,0.0702,4622,4670,101674,61776,7148,33040200,4090,6536,0.0703,0.0822,468368,0.3787,0.0008,0.001,9723,3519,120436,10622,135212,0.1802,0.1103,1479,0.0706,53,0.0141,5,265,40357811,07825,Hardwick,Warren County,07825,"Warren County, Sussex County","Hardwick, Blairstown, Frelinghuysen, Hope, Stillwater, Knowlton",1.0
0.0006,138994,301756403,28207419,0.0935,2966,2950,92320,58249,8602,25513400,5856,3119,0.0932,0.0701,416073,0.3161,0.0006,0.0007,5529,2171,112277,13851,133794,0.1548,0.117,1669,0.1361,270,0.1,5,190,36757435,07826,Sandyston,Sussex County,07826,Sussex County,"Sandyston, Frankford, Walpack, Branchville, Wantage",1.0
0.0001,87012,141482024,6016566,0.0425,1960,2010,65614,45540,2788,5465200,1494,1312,0.0425,0.0276,348396,0.1463,0.0001,0.0004,4117,1626,103594,15436,118687,0.1101,0.0824,1350,0.382,0,0.0,5,125,29079336,07827,Montague,Sussex County,07827,Sussex County,"Montague, Sandyston",1.0
0.0004,112334,639965220,18791301,0.0294,7052,7200,82507,67355,2431,17146200,1499,1467,0.0295,0.0786,315841,0.3007,0.0004,0.0016,14083,5697,90120,4193,121770,0.1443,0.4646,1443,0.0449,41,0.007,5,393,83952768,07828,Mount Olive,Morris County,07828,Morris County,Mount Olive,1.0
0.002,242639,694676062,90859136,0.1308,3200,3250,197399,114481,25863,82761800,17330,23124,0.131,0.2475,577571,0.7242,0.002,0.0007,7748,2863,168900,17406,195708,0.3185,0.0559,1614,0.1217,0,0.0,5,314,93540780,07830,Tewksbury,Hunterdon County,07830,"Hunterdon County, Morris County","Tewksbury, Lebanon, Washington, Califon",1.0
,,,,,,,,,,,,,,,,,,,30,16,,,,0.0,0.0,,,0,0.0,,24,,07831,Washington,Warren County,07831,Warren County,Washington,1.0
0.0003,141338,177520962,12233308,0.0689,1874,1900,85963,59329,5973,11194200,4162,2738,0.0695,0.0726,363276,0.3067,0.0003,0.0004,3175,1256,110250,21050,138032,0.1696,0.0955,1676,0.4298,75,0.0531,5,192,36561040,07832,Knowlton,Warren County,07832,Warren County,"Knowlton, Hardwick, Blairstown, White, Hope",1.0
,,,,,,,,,,,,,,,,,,,112,61,56875,27693,105726,0.0984,0.0,,,0,0.0,,36,4152987,07833,Knowlton,Warren County,07833,Warren County,Knowlton,1.0
0.0027,213511,1446109588,124511031,0.0861,9296,9380,141563,91407,12170,113128000,7380,10488,0.086,0.1818,437431,0.5618,0.0027,0.0021,18048,6773,155356,14057,179304,0.3012,0.1516,1777,0.0966,97,0.0133,5,274,93477698,07834,Denville,Morris County,07834,Morris County,"Denville, Parsippany-Troy Hills, Rockaway, Boonton",1.0
0.001,176557,818869532,47160860,0.0576,6232,6300,119448,88055,6892,42951400,4259,6145,0.0577,0.1569,382025,0.5019,0.001,0.0014,12034,4638,141646,10667,167524,0.2956,0.3157,1822,0.0391,0,0.0,5,361,78839632,07836,Mount Olive,Morris County,07836,Morris County,"Mount Olive, Roxbury, Chester",1.0
0.0002,134777,166314982,7417800,0.0446,1700,1700,88883,66052,3956,6724400,2422,2195,0.0445,0.0859,319041,0.3083,0.0002,0.0004,3190,1234,108810,18483,143207,0.2253,0.1232,1777,0.0552,0,0.0,5,189,33215753,07838,Independence,Warren County,07838,Warren County,"Independence, Liberty, Allamuchy, Hope, Mansfield",1.0
0.0018,116543,1490578588,81603859,0.0547,15716,15950,86179,63486,4734,74405600,2970,1892,0.0549,0.0807,331872,0.3107,0.0018,0.0035,32952,12790,104664,7115,127867,0.1531,0.2915,1417,0.0553,42,0.0032,5,526,120112039,07840,Allamuchy,Warren County,07840,"Warren County, Morris County","Allamuchy, Independence, Mansfield, Washington, Mount Olive, Hackettstown",1.0
,,,,,,,,,,,,,,,,,,,0,0,,,,,,,,0,,,14,,07842,Rockaway,Morris County,07842,Morris County,Rockaway,1.0
0.0004,119518,525760877,16187131,0.0308,6210,6410,77049,58726,2371,14721800,1391,2019,0.0308,0.0419,389033,0.2114,0.0003,0.0014,11102,4399,105262,6221,127671,0.1412,0.143,1608,0.1183,320,0.0643,5,290,70562619,07843,Hopatcong,Sussex County,07843,Sussex County,Hopatcong,1.0
,,,,,,,,,,,,,,,,,,,104,46,75833,18985,88837,0.1739,0.7609,1243,,0,0.0,,41,3851679,07844,Hope,Warren County,07844,Warren County,Hope,1.0
,,,,,,,,,,,,,,,,,,,22,8,,,,0.0,0.0,,,0,0.0,,7,,07846,Frelinghuysen,Warren County,07846,Warren County,Frelinghuysen,1.0
,,,,,,950,,,,,,,,,,,,,1685,701,77519,18142,92432,0.0756,0.1826,2062,0.0458,0,0.0,5,203,17786181,07847,Roxbury,Morris County,07847,Morris County,Roxbury,1.0
0.0003,148765,230585333,13672758,0.0593,2184,2180,95866,65472,5668,12379200,3119,5110,0.0591,0.1062,363301,0.4026,0.0003,0.0005,4425,1550,107500,12680,139507,0.2374,0.14,1407,0.1644,16,0.0097,5,148,36187883,07848,Lafayette,Sussex County,07848,Sussex County,"Lafayette, Andover, Hampton, Frankford, Sparta",1.0
0.0005,143704,475373457,21235972,0.0447,4366,4470,99083,75370,4441,19388800,2607,3364,0.0448,0.104,345940,0.3631,0.0005,0.001,8573,3308,115670,21011,144732,0.2376,0.1043,1537,0.0829,136,0.0377,5,353,64642974,07849,Jefferson,Morris County,07849,"Morris County, Sussex County","Jefferson, Hopatcong",1.0
0.0002,121618,301003529,10508475,0.0349,3364,3430,81376,62076,2848,9579000,1738,1501,0.035,0.0589,348362,0.252,0.0002,0.0008,7266,2475,95739,13698,130471,0.1531,0.2347,1667,0.0537,45,0.0171,5,230,64691364,07850,Roxbury,Morris County,07850,Morris County,"Roxbury, Mount Arlington",1.0
,,,,,,200,,,,,,,,,,,,,363,160,100556,15160,101161,0.0563,0.1,,0.4667,4,0.0229,5,69,7228408,07851,Sandyston,Sussex County,07851,Sussex County,"Sandyston, Walpack",1.0
0.0002,147561,232850729,9568527,0.0411,2152,2230,98451,74414,4048,8710600,2188,4654,0.0411,0.1208,343150,0.4211,0.0002,0.0005,4095,1578,92115,42623,129782,0.2041,0.1667,1547,0.1288,0,0.0,5,296,36655747,07852,Roxbury,Morris County,07852,Morris County,Roxbury,1.0
0.002,267889,1142816009,94152502,0.0824,6196,6240,167195,113411,13787,85424400,8241,10278,0.0825,0.2324,463227,0.6439,0.002,0.0014,12548,4266,196011,18980,232117,0.4794,0.0415,1760,0.0846,57,0.0128,5,337,109755637,07853,Washington,Morris County,07853,Morris County,"Washington, Mount Olive",1.0
0.0004,151162,289474906,20524242,0.0709,2706,2710,97290,64303,6907,18691200,4109,2818,0.071,0.0835,394557,0.3387,0.0004,0.0006,4429,1915,95398,32411,117622,0.1164,0.3384,2299,0.0,157,0.066,5,174,33991830,07856,Mount Arlington,Morris County,07856,Morris County,"Mount Arlington, Roxbury",1.0
0.0001,66539,126025282,3614809,0.0287,1844,1900,62213,46100,1789,3299400,961,493,0.0288,0.0239,366305,0.1405,0.0001,0.0004,3564,1894,84375,34752,102410,0.1779,0.4836,1383,0.1436,0,0.0,5,206,59512925,07857,Netcong,Morris County,07857,Morris County,"Netcong, Roxbury",1.0
0.0019,115145,1191408301,89901875,0.0755,12378,12610,87465,58326,6572,81344400,4246,3553,0.0751,0.0703,389391,0.3129,0.0019,0.0028,26507,10347,103876,5154,136350,0.1948,0.2005,1396,0.0752,510,0.0439,5,317,149550715,07860,Stillwater,Sussex County,07860,"Sussex County, Warren County","Stillwater, Hampton, Fredon, Andover, Green, Frelinghuysen, Frankford, Newton",1.0
0.0001,114822,172921808,5215785,0.0302,2100,2100,74802,56478,2256,4738600,1149,1399,0.0302,0.0476,318194,0.2026,0.0001,0.0005,3582,1506,87841,18990,118154,0.16,0.1348,1341,0.0,17,0.0111,5,167,27111454,07863,Mansfield,Warren County,07863,Warren County,"Mansfield, Oxford, White, Washington, Liberty",1.0
0.0002,193841,146349833,7839361,0.0536,1388,1470,95966,65761,5146,7142200,2716,4044,0.0536,0.098,339543,0.3467,0.0002,0.0003,2533,755,128558,23348,129859,0.1536,0.2132,1943,0.0281,0,0.0,5,194,30105146,07865,Mansfield,Warren County,07865,"Warren County, Hunterdon County, Morris County","Mansfield, Lebanon, Washington",1.0
0.0015,157065,1316361307,70507978,0.0536,11924,12270,100364,74315,5382,64171400,3083,3529,0.0536,0.108,334012,0.3595,0.0015,0.0027,22383,8381,123710,12472,158754,0.2606,0.1669,1600,0.129,16,0.0019,5,471,108479676,07866,Rockaway,Morris County,07866,Morris County,"Rockaway, Denville",1.0
0.0039,235392,2138773884,180118361,0.0842,12572,12880,154580,110418,13018,163660200,8114,12764,0.0842,0.237,427596,0.6557,0.0039,0.0028,26058,9086,166618,9879,202226,0.4153,0.2479,1739,0.0706,24,0.0026,5,354,93814578,07869,Randolph,Morris County,07869,Morris County,"Randolph, Chester, Parsippany-Troy Hills, Mendham, Denville",1.0
,,,,,,,,,,,,,,,,,,,29,13,,,,1.0,0.0,,,0,0.0,,20,,07870,Washington,Morris County,07870,Morris County,Washington,1.0
0.0027,211533,1623518468,124732217,0.0768,10282,10560,143687,100396,11014,113249200,7637,11427,0.0767,0.1972,426822,0.5859,0.0027,0.0023,21020,7675,159924,11937,197425,0.3827,0.1011,1800,0.099,206,0.0251,5,292,113579674,07871,Sparta,Sussex County,07871,Sussex County,"Sparta, Byram, Hopatcong",1.0
0.0003,131237,409983385,13788238,0.0336,4622,4670,80595,61947,2726,12601600,1739,1141,0.0338,0.0571,302714,0.2145,0.0003,0.001,8534,3124,125732,12953,133206,0.1271,0.0925,1859,0.0879,60,0.0187,5,229,42374905,07874,Byram,Sussex County,07874,"Sussex County, Warren County","Byram, Stanhope, Hopatcong, Allamuchy",1.0
0.0008,199790,645721080,36045869,0.0558,5332,5390,110078,78942,6144,32758000,3512,4026,0.0558,0.1373,324728,0.405,0.0008,0.0012,9527,3232,162895,11693,176447,0.3122,0.0727,2105,0.0826,9,0.0027,5,245,55260819,07876,Roxbury,Morris County,07876,Morris County,Roxbury,1.0
,,,,,,,,,,,,,,,,,,,740,311,99684,4009,105901,0.0289,0.0,,0.0,0,0.0,,89,10856741,07878,Parsippany-Troy Hills,Morris County,07878,Morris County,Parsippany-Troy Hills,1.0
,,,,,,,,,,,,,,,,,,,357,101,107235,60320,151237,0.1386,0.1386,,0.0,0,0.0,,57,12063267,07880,Independence,Warren County,07880,Warren County,Independence,1.0
,,,,,,,,,,,,,,,,,,,8,4,,,,0.0,0.0,,,2,0.3333,,6,,07881,Walpack,Sussex County,07881,Sussex County,Walpack,1.0
0.0006,107423,632935205,26646016,0.0421,7374,7580,78066,58142,3292,24274000,1875,1621,0.0422,0.0616,308018,0.2429,0.0006,0.0017,14670,5892,89130,6173,111479,0.1232,0.3327,1252,0.0711,0,0.0,5,308,42508769,07882,Washington,Warren County,07882,"Warren County, Hunterdon County","Washington, Franklin, Harmony, Lebanon, Mansfield, White",1.0
0.0005,115948,531043589,21011164,0.0396,6694,7110,72223,53244,2848,19067400,1544,1271,0.0394,0.0469,314408,0.2042,0.0005,0.0015,11673,4580,102578,13342,119718,0.1236,0.3546,1878,0.0877,0,0.0,5,460,76143401,07885,Jefferson,Morris County,07885,Morris County,"Jefferson, Rockaway, Roxbury, Wharton",1.0
0.026,566115,4940484821,1199741127,0.2428,10944,11170,411293,225418,99434,1088205200,74558,48691,0.2418,0.3576,1038912,0.9034,0.0259,0.0025,24281,8727,170275,20023,284609,0.4605,0.3218,2146,0.1664,68,0.0074,5,336,167991831,07901,Summit,Union County,07901,Union County,"Summit, New Providence, Berkeley Heights",1.0
0.0115,338266,3517965225,532734178,0.1514,13282,13610,240786,162081,36377,483157800,24541,18646,0.1511,0.3378,570728,0.8006,0.0115,0.003,28460,10400,174754,14671,258759,0.4552,0.1626,2262,0.0815,15,0.0014,5,410,278699749,07920,Bernards,Somerset County,07920,"Somerset County, Morris County","Bernards, Harding, Bridgewater, Long Hill, Bernardsville",1.0
0.0021,188490,724744132,97058825,0.1339,4528,4630,145415,92092,19399,87839800,12259,12899,0.1334,0.1634,508409,0.5714,0.0021,0.001,7573,3845,125893,21411,167745,0.2887,0.219,2164,0.1178,30,0.0077,5,232,74480662,07921,Bedminster,Somerset County,07921,Somerset County,Bedminster,1.0
0.0031,316143,1312941288,144204543,0.1098,6056,6400,197281,141053,21641,131058800,13663,10166,0.1097,0.3147,466980,0.745,0.0031,0.0014,12078,4153,195162,39060,254302,0.4878,0.0453,,0.0816,0,0.0,5,190,131664933,07922,Berkeley Heights,Union County,07922,Union County,"Berkeley Heights, New Providence",1.0
0.0069,546695,1437809017,320266709,0.2227,3722,3860,350426,180758,78219,291130600,56165,35582,0.2232,0.3149,974215,0.8754,0.0069,0.0008,7746,2630,218971,67503,306618,0.5156,0.1129,2003,0.2933,55,0.0204,5,237,128075631,07924,Bernardsville,Somerset County,07924,Somerset County,Bernardsville,1.0
,,,,,,,,,,,,,,,,,,,69,24,,,,0.0,0.5417,,0.0,0,0.0,,26,,07926,Mendham,Morris County,07926,Morris County,Mendham,1.0
0.0005,169710,290713070,23678799,0.0815,2180,2210,121262,87023,9818,21402200,5642,3793,0.081,0.1587,389098,0.5093,0.0005,0.0005,4181,1713,138304,35176,162359,0.3287,0.4057,2846,0.027,23,0.0129,5,271,56810238,07927,Hanover,Morris County,07927,Morris County,"Hanover, Parsippany-Troy Hills",1.0
0.0113,500690,3322078707,524386176,0.1578,9070,9270,333263,222747,52588,476972600,35599,31148,0.1578,0.4049,723894,0.8794,0.0113,0.002,19559,6635,223547,21421,318123,0.548,0.1649,2277,0.1845,33,0.0048,5,251,145949347,07928,Chatham,Morris County,07928,Morris County,Chatham,1.0
0.0029,384244,1059743693,135827918,0.1282,4174,4340,231076,147692,29683,123895600,19501,23089,0.1285,0.3182,580619,0.7994,0.0029,0.0009,8138,2758,208750,39215,240267,0.5062,0.0794,1674,0.1548,3,0.0011,5,199,86303904,07930,Chester,Morris County,07930,Morris County,"Chester, Mount Olive, Washington",1.0
0.0086,1042418,1289471613,397240069,0.3081,1644,1660,714399,312429,219904,361521400,159330,116207,0.3078,0.3844,1758503,0.9463,0.0086,0.0004,3399,1237,155703,47032,324203,0.4042,0.1261,2625,0.2286,6,0.0043,5,175,99537797,07931,Bedminster,Somerset County,07931,"Somerset County, Morris County","Bedminster, Far Hills, Chester, Bernards, Mendham, Peapack and Gladstone, Bernardsville",1.0
0.0088,388761,1740094418,404984909,0.2327,5992,6300,264158,131352,61416,368004000,45288,5589,0.2325,0.281,750885,0.7989,0.0087,0.0013,10941,4476,140602,14414,179022,0.3126,0.3088,2891,0.2092,0,0.0,5,233,93842625,07932,Florham Park,Morris County,07932,Morris County,Florham Park,1.0
0.0005,264141,263084113,23524316,0.0894,1622,1620,147566,102081,13233,21463400,8273,9172,0.0897,0.2343,387123,0.6146,0.0005,0.0004,2661,996,129141,65975,195437,0.4227,0.0653,,0.1711,0,0.0,5,175,56780261,07933,Long Hill,Morris County,07933,Morris County,Long Hill,1.0
,,,,,,740,,,,,,,,,,,,,1575,629,211250,37752,268462,0.5262,0.1733,2136,0.2327,0,0.0,5,110,36311076,07934,Peapack and Gladstone,Somerset County,07934,"Somerset County, Morris County","Peapack and Gladstone, Bedminster, Chester",1.0
,,,,,,310,,,,,,,,,,,,,472,186,143250,89100,163652,0.328,0.0,,0.0,10,0.051,5,76,14359706,07935,Harding,Morris County,07935,Morris County,"Harding, Chatham",1.0
0.0029,235396,919927969,131905309,0.1434,6010,5960,139240,85469,20013,120280000,13894,10281,0.1437,0.1797,450784,0.5818,0.0029,0.0013,11102,3908,143365,22042,179641,0.3332,0.0591,3033,0.1253,47,0.0117,5,217,67442225,07936,East Hanover,Morris County,07936,Morris County,East Hanover,1.0
,,,,,,,,,,,,,,,,,,,330,17,,,,0.0,1.0,,,0,0.0,,27,,07939,Bernards,Somerset County,07939,Somerset County,Bernards,1.0
0.0056,347318,1924490579,259118628,0.1346,7486,7540,234067,160021,31627,236761000,19879,20247,0.1351,0.296,636021,0.8044,0.0056,0.0017,17798,5541,163643,14306,240119,0.4061,0.3631,2168,0.1894,0,0.0,5,228,93675478,07940,Madison,Morris County,07940,Morris County,"Madison, Florham Park, Chatham, Morris",1.0
0.0084,554032,1878168549,390414832,0.2079,4628,4600,367917,195053,76747,355187400,55957,47721,0.2086,0.3984,820550,0.8886,0.0084,0.001,9698,3390,234150,20880,300370,0.5634,0.0991,2833,0.0704,20,0.0058,5,260,80845669,07945,Mendham,Morris County,07945,Morris County,"Mendham, Randolph",1.0
0.0006,314292,305177061,29933394,0.0981,1562,1570,177330,120486,17413,27199000,11305,12200,0.0982,0.2932,424439,0.7018,0.0006,0.0003,2991,971,203393,58038,244422,0.5026,0.033,,0.0614,0,0.0,5,144,34683800,07946,Long Hill,Morris County,07946,Morris County,Long Hill,1.0
0.0028,207817,1699112355,128939000,0.0759,10522,10920,146829,98172,11175,117585400,6735,6151,0.0761,0.2028,425894,0.5883,0.0028,0.0024,21738,8176,146903,7270,179762,0.3326,0.231,2516,0.0991,13,0.0016,5,506,125761529,07950,Parsippany-Troy Hills,Morris County,07950,Morris County,"Parsippany-Troy Hills, Morris Plains, Hanover, Morris, Denville",1.0
0.0195,262771,4861004400,903309892,0.1858,22778,23660,194116,115157,36349,827956200,25928,16618,0.1873,0.2208,654922,0.745,0.0197,0.0051,46560,18499,146024,7694,214951,0.3555,0.3746,2154,0.169,117,0.0061,5,707,297690633,07960,Morris,Morris County,07960,Morris County,"Morris, Harding, Mendham, Morristown, Hanover, Chatham, Parsippany-Troy Hills, Florham Park",1.0
,,,,,,,,,,,,,,,,,,,343,0,,,,,,,,0,,,14,,07961,Florham Park,Morris County,07961,Morris County,Florham Park,1.0
,,,,,,,,,,,,,,,,,,,257,71,,,364363,0.4789,0.0,,0.0,0,0.0,,48,27151262,07970,Mendham,Morris County,07970,Morris County,Mendham,1.0
0.0035,284383,1312426330,163555719,0.1246,5998,6180,199218,133417,24847,149032200,15029,10930,0.1247,0.3201,464662,0.7466,0.0035,0.0013,12911,4615,170386,15733,225330,0.4143,0.1517,1974,0.1278,39,0.008,5,313,115372856,07974,New Providence,Union County,07974,Union County,"New Providence, Berkeley Heights",1.0
,,,,,,580,,,,,,,,,,,,,355,158,,,169728,0.1266,0.4494,,0.275,0,0.0,5,73,21268314,07976,Harding,Morris County,07976,Morris County,Harding,1.0
,,,,,,,,,,,,,,,,,,,689,213,,,300068,0.4554,0.4836,1719,0.3252,34,0.1377,,89,45679877,07977,Peapack and Gladstone,Somerset County,07977,Somerset County,Peapack and Gladstone,1.0
,,,,,,,,,,,,,,,,,,,246,82,,,,0.2317,0.0,,1.0,0,0.0,,101,,07979,Tewksbury,Hunterdon County,07979,"Hunterdon County, Somerset County","Tewksbury, Bedminster",1.0
0.0003,194644,176737097,15206755,0.086,1230,1250,130409,91053,11163,13730400,6947,6987,0.0856,0.1707,449179,0.5881,0.0003,0.0003,2978,908,140313,44083,224307,0.3943,0.25,1736,0.1547,0,0.0,5,186,70676968,07980,Long Hill,Morris County,07980,Morris County,Long Hill,1.0
0.0014,195572,728702127,64783514,0.0889,4996,5130,132587,86409,11748,58692800,6268,8566,0.0886,0.1745,414882,0.5462,0.0014,0.0011,8938,3726,144573,11954,169457,0.2783,0.1079,2620,0.0369,20,0.0053,5,322,65063144,07981,Hanover,Morris County,07981,Morris County,Hanover,1.0
,,,,,,,,,,,,,,,,,,,835,308,129375,16784,125305,0.0455,0.1753,1578,0.0,0,0.0,,99,13815407,08001,Alloway,Salem County,08001,Salem County,Alloway,1.0
0.0013,114083,1061424174,59956622,0.0565,11734,11900,82310,59667,4655,54623600,2853,2765,0.0566,0.0675,347300,0.2848,0.0013,0.0026,23630,9304,103031,4888,128160,0.1211,0.3175,1773,0.1094,64,0.0064,5,450,125319486,08002,Cherry Hill,Camden County,08002,Camden County,Cherry Hill,1.0
0.0066,217253,2495149630,303325159,0.1216,14982,15140,151226,91464,18325,274551200,11934,14587,0.1212,0.1936,479486,0.6137,0.0065,0.0034,31434,11485,145590,10125,177069,0.3176,0.1407,1717,0.1205,54,0.0045,5,557,132336461,08003,Cherry Hill,Camden County,08003,Camden County,"Cherry Hill, Lawnside",1.0
0.0003,111937,449316646,14349978,0.0319,6040,6060,67586,50381,2165,13079400,1360,1564,0.032,0.0265,327289,0.1283,0.0003,0.0014,10966,4014,97821,10071,112272,0.1243,0.1741,1396,0.1221,0,0.0,5,363,52631865,08004,Waterford,Camden County,08004,Camden County,"Waterford, Winslow",1.0
0.0013,106962,1110802697,61962463,0.0558,13728,14430,73754,43626,4130,56693200,2335,1626,0.056,0.0456,330210,0.2042,0.0013,0.0031,25578,10385,84425,6300,105124,0.1019,0.1039,1770,0.0905,814,0.0696,5,428,92261127,08005,Barnegat,Ocean County,08005,Ocean County,"Barnegat, Little Egg Harbor, Stafford, Ocean",1.0
,,,,,,,,,,,,,,,,,,,435,201,93958,22974,120270,0.1294,0.0647,,0.0,1041,0.8236,,53,6503152,08006,Barnegat Light,Ocean County,08006,Ocean County,Barnegat Light,1.0
0.0001,78115,197474096,5146598,0.0261,2630,2680,68293,54053,1783,4688000,1066,904,0.0261,0.0365,277762,0.1485,0.0001,0.0006,5560,2528,87761,21521,90945,0.051,0.4324,1146,0.0545,0,0.0,5,265,29416899,08007,Barrington,Camden County,08007,Camden County,"Barrington, Runnemede, Haddon Heights, Lawnside",1.0
0.0029,217462,743937182,133151547,0.179,4288,4470,158320,68821,28369,121646600,18537,16695,0.1792,0.1838,558094,0.6478,0.0029,0.001,6995,3421,110568,5503,186756,0.2657,0.0854,1719,0.2038,13364,0.7741,5,192,52434421,08008,Long Beach,Ocean County,08008,Ocean County,"Long Beach, Little Egg Harbor, Beach Haven, Surf City, Ship Bottom, Harvey Cedars, Ocean",1.0
0.0004,109775,606288319,18467716,0.0305,7248,7590,76150,56034,2317,16792600,1376,2371,0.0304,0.0505,323282,0.2144,0.0004,0.0016,14483,5523,94351,22000,109079,0.0927,0.2204,1459,0.0986,0,0.0,5,438,62652831,08009,Winslow,Camden County,08009,Camden County,"Winslow, Berlin, Pine Hill, Waterford",1.0
0.0002,80185,339103708,10283113,0.0303,5540,5570,55592,40382,1691,9367600,1087,1130,0.0304,0.0188,354773,0.1198,0.0002,0.0012,11458,4229,80663,13791,92369,0.1029,0.2726,1404,0.0468,54,0.0113,5,303,37372026,08010,Edgewater Park,Burlington County,08010,Burlington County,"Edgewater Park, Beverly, Willingboro, Burlington",1.0
,,,,,,,,,,,,,,,,,,,53,9,,,,1.0,0.0,,,0,0.0,,15,,08011,Pemberton,Burlington County,08011,Burlington County,Pemberton,1.0
0.001,95884,1484951903,45960657,0.031,19584,19780,68917,52118,2134,41787600,1318,1275,0.031,0.0365,310025,0.164,0.001,0.0044,40320,15487,86872,7475,104549,0.0936,0.3254,1461,0.074,21,0.0013,5,735,116396563,08012,Gloucester,Camden County,08012,"Camden County, Gloucester County","Gloucester, Washington",1.0
,,,,,,250,,,,,,,,,,,,,294,91,,,118390,0.0,0.0,,0.0,0,0.0,5,69,11073889,08014,Logan,Gloucester County,08014,Gloucester County,Logan,1.0
0.0002,79198,564759857,7289245,0.0129,9688,9810,52958,40134,685,6634600,427,140,0.0129,0.0078,286432,0.0424,0.0002,0.0022,19164,7131,75040,4181,100366,0.0784,0.1627,1164,0.0602,79,0.0101,5,357,89633004,08015,Pemberton,Burlington County,08015,Burlington County,"Pemberton, Woodland, New Hanover",1.0
0.0009,103822,1340027584,39583252,0.0295,17374,17730,70138,54893,2078,36095200,1273,1045,0.0296,0.0481,300674,0.2063,0.0009,0.0039,34710,12907,88691,8636,111333,0.139,0.2625,1220,0.1157,89,0.0064,5,430,89043538,08016,Burlington,Burlington County,08016,Burlington County,"Burlington, Florence, Springfield",1.0
,,,,,,480,,,,,,,,,,,,,946,355,150938,82863,155915,0.3915,0.1268,2219,0.0,0,0.0,5,143,33352134,08019,Washington,Burlington County,08019,Burlington County,"Washington, Woodland, Tabernacle",1.0
0.0002,152834,168117461,9460296,0.0563,1490,1580,102790,69735,5811,8658400,3609,3017,0.0565,0.0993,354700,0.3428,0.0002,0.0003,2834,1100,120357,24783,133081,0.2782,0.0564,,0.0771,0,0.0,5,176,40672300,08020,East Greenwich,Gloucester County,08020,Gloucester County,"East Greenwich, Mantua, Greenwich",1.0
0.0005,64210,1304801428,24728229,0.019,23280,23440,50915,40565,966,22489000,609,636,0.019,0.0138,323987,0.088,0.0005,0.0052,47946,20321,63881,4867,82593,0.0603,0.5027,1194,0.0835,99,0.0045,5,722,111201392,08021,Lindenwold,Camden County,08021,Camden County,"Lindenwold, Gloucester, Pine Hill, Clementon, Pine Valley, Laurel Springs",1.0
0.0008,155486,565346252,35488316,0.0628,4856,4940,105849,66878,6649,32288600,3914,2500,0.0628,0.1248,349298,0.4118,0.0008,0.0011,9124,3636,113224,17695,143111,0.2624,0.0448,1348,0.2626,17,0.0045,5,256,49987765,08022,Mansfield,Burlington County,08022,Burlington County,"Mansfield, Springfield",1.0
,,,,,,,,,,,,,,,,,,,282,98,50833,40815,60530,0.0,0.2857,1682,0.0,0,0.0,,48,2985280,08023,Pennsville,Salem County,08023,Salem County,"Pennsville, Carneys Point",1.0
0.0001,137577,107585424,4002333,0.0372,1132,1160,86320,61099,3180,3600200,1994,2014,0.0368,0.0671,392642,0.3054,0.0001,0.0003,2278,782,93103,12346,120867,0.1483,0.0908,,0.0224,0,0.0,5,94,12609346,08026,Gibbsboro,Camden County,08026,Camden County,Gibbsboro,1.0
0.0001,99769,195348537,6901265,0.0353,2570,2570,69028,49005,2437,6263000,1187,484,0.0353,0.0265,310432,0.119,0.0001,0.0006,4921,1958,90345,14511,101890,0.0858,0.1614,1320,0.0158,0,0.0,5,124,17751280,08027,Greenwich,Gloucester County,08027,Gloucester County,Greenwich,1.0
0.0005,83362,660307983,24100332,0.0365,8696,8840,68981,49633,2517,21884800,1377,1263,0.0365,0.0414,326651,0.196,0.0005,0.0019,24360,7921,79810,9367,102345,0.0959,0.3744,1465,0.0672,128,0.0145,5,426,66639468,08028,Glassboro,Gloucester County,08028,Gloucester County,"Glassboro, Elk, Washington, Clayton",1.0
0.0001,71879,165824674,3449463,0.0208,2418,2470,62351,49116,1307,3160800,822,507,0.021,0.0232,285704,0.1061,0.0001,0.0005,5850,2307,83857,20743,90205,0.0728,0.2713,783,0.1663,0,0.0,5,259,37216944,08029,Gloucester,Camden County,08029,Camden County,"Gloucester, Runnemede",1.0
0.0001,69707,339333790,5237932,0.0154,6182,6410,49913,40231,770,4760000,472,290,0.0154,0.012,280173,0.0672,0.0001,0.0014,13251,4868,68325,9212,79487,0.0448,0.3659,1413,0.0248,0,0.0,5,314,31830020,08030,Gloucester City,Camden County,08030,Camden County,"Gloucester City, Brooklawn, Haddon",1.0
0.0002,76599,370277767,7427341,0.0201,5996,6030,56107,44037,1122,6728400,620,699,0.02,0.0147,284098,0.0743,0.0002,0.0013,11677,4834,71935,4669,88027,0.0474,0.3844,1081,0.0766,0,0.0,5,278,44309106,08031,Bellmawr,Camden County,08031,Camden County,Bellmawr,1.0
,,,,,,,,,,,,,,,,,,,226,64,185288,149957,141553,0.1406,0.0,,0.0,0,0.0,,32,5557533,08032,Washington,Gloucester County,08032,Gloucester County,Washington,1.0
0.0049,292323,1890161383,227528968,0.1204,8122,8130,213200,124777,25480,206948200,17477,20063,0.1195,0.2736,589126,0.756,0.0049,0.0018,17110,6466,148542,17533,221363,0.361,0.2499,1377,0.1017,0,0.0,5,324,107566286,08033,Haddonfield,Camden County,08033,Camden County,"Haddonfield, Haddon, Barrington, Tavistock, Haddon Heights",1.0
0.0023,140176,1101923079,105702854,0.0959,9840,9890,101911,68352,9877,97190000,6577,4796,0.0969,0.1043,386546,0.3955,0.0023,0.0022,19870,7861,108458,8125,140622,0.1931,0.202,1644,0.0955,9,0.0011,5,379,85941624,08034,Cherry Hill,Camden County,08034,Camden County,Cherry Hill,1.0
0.0006,142418,453460503,27568478,0.0608,3814,3830,108034,76923,6571,25060800,3958,5839,0.0608,0.1295,343812,0.4122,0.0006,0.0009,7570,3184,115804,12161,140506,0.2177,0.2283,1192,0.1121,13,0.0039,5,159,30210737,08035,Haddon Heights,Camden County,08035,Camden County,"Haddon Heights, Barrington, Bellmawr",1.0
0.0005,154448,379787883,23943351,0.063,3228,3280,107031,74899,6766,21841400,4504,4665,0.0632,0.1351,363471,0.4587,0.0005,0.0007,6024,2459,123018,20440,158450,0.2355,0.0826,1147,0.3017,0,0.0,5,175,84686770,08036,Hainesport,Burlington County,08036,Burlington County,Hainesport,1.0
0.001,104707,959430251,48158462,0.0502,11772,12100,74156,50657,3744,44076400,2393,3919,0.0505,0.0483,402669,0.262,0.001,0.0026,23392,9163,79671,5023,111700,0.1372,0.216,1287,0.1131,160,0.016,5,543,96997396,08037,Hammonton,Atlantic County,08037,"Atlantic County, Camden County","Hammonton, Mullica, Winslow, Hamilton, Folsom",1.0
,,,,,,,,,,,,,,,,,,,380,157,87083,44535,79523,0.0,0.4522,1405,0.0,0,0.0,,71,5023906,08038,Lower Alloways Creek,Salem County,08038,Salem County,Lower Alloways Creek,1.0
,,,,,,,,,,,,,,,,,,,17,5,,,,0.0,0.0,,,0,0.0,,8,,08039,South Harrison,Gloucester County,08039,Gloucester County,South Harrison,1.0
,,,,,,480,,,,,,,,,,,,,832,382,139000,47085,140574,0.1414,0.034,,0.0,0,0.0,5,123,21956352,08041,Springfield,Burlington County,08041,Burlington County,Springfield,1.0
,,,,,,,,,,,,,,,,,,,33,19,,,51389,0.0,0.0,,0.0,0,0.0,,15,940528,08042,Springfield,Burlington County,08042,Burlington County,"Springfield, Pemberton, Wrightstown",1.0
0.0041,170767,2049548732,190841800,0.0931,14274,14370,130589,82085,12161,173588800,7926,12612,0.0931,0.1537,480588,0.5657,0.0041,0.0032,30876,12002,108518,8412,162636,0.2571,0.356,1664,0.073,0,0.0,5,486,157453846,08043,Voorhees,Camden County,08043,Camden County,Voorhees,1.0
0.0,68619,78637295,308486,0.0039,1460,1520,49017,36363,192,279800,78,0,0.0039,0.0082,267950,0.0449,0.0,0.0003,3059,1146,74250,11146,101567,0.1344,0.3194,1087,0.0418,0,0.0,5,109,28321683,08045,Lawnside,Camden County,08045,Camden County,Lawnside,1.0
0.0002,90581,967316029,10910085,0.0113,16844,16870,52178,39843,591,9949800,325,125,0.0113,0.0107,272242,0.0558,0.0002,0.0038,31812,10679,88552,4880,103439,0.0847,0.1918,1923,0.1333,37,0.0032,5,424,64780510,08046,Willingboro,Burlington County,08046,Burlington County,"Willingboro, Westampton",1.0
0.0008,140807,677562434,35766445,0.0528,6420,6440,95966,70347,5069,32542200,3188,5798,0.0528,0.1059,388354,0.4286,0.0008,0.0014,12786,4812,112540,15131,146060,0.2186,0.2465,1546,0.1099,60,0.0118,5,282,53625359,08048,Lumberton,Burlington County,08048,Burlington County,"Lumberton, Hainesport",1.0
0.0001,85259,180492547,2628430,0.0146,2762,2770,59395,47499,866,2391400,444,328,0.0146,0.0145,306665,0.0748,0.0001,0.0006,5216,2117,83528,15145,98313,0.0751,0.2456,1157,0.0931,0,0.0,5,178,25864588,08049,Magnolia,Camden County,08049,Camden County,"Magnolia, Gloucester, Somerdale",1.0
0.0014,115524,1235756134,63632393,0.0515,14074,14560,79980,52886,4123,58021400,2601,3585,0.0515,0.0624,349055,0.2723,0.0014,0.0032,27097,10697,103030,7558,121524,0.142,0.1233,1686,0.0838,2866,0.2063,5,534,79479138,08050,Stafford,Ocean County,08050,Ocean County,Stafford,1.0
0.0003,102446,451377330,11896152,0.0264,5626,5640,72892,56378,1915,10773000,1130,1382,0.0263,0.0476,319346,0.2087,0.0003,0.0013,12107,4406,95577,16060,129672,0.1704,0.227,1653,0.0908,0,0.0,5,366,89367972,08051,Mantua,Gloucester County,08051,Gloucester County,"Mantua, West Deptford, Deptford",1.0
0.0002,72869,632500010,10440563,0.0165,10120,10090,56751,46257,936,9473200,473,428,0.0165,0.0148,263773,0.0689,0.0002,0.0023,19885,8680,71748,6872,85564,0.0643,0.5417,1452,0.0662,0,0.0,5,385,48775240,08052,Maple Shade,Burlington County,08052,Burlington County,"Maple Shade, Cinnaminson",1.0
0.0043,148800,2841635658,198224684,0.0698,24582,24850,105023,74589,7292,179250600,4668,5433,0.0694,0.108,392619,0.4039,0.0043,0.0055,47200,19097,111893,4904,141008,0.2032,0.2764,1826,0.0856,8,0.0004,5,380,115696050,08053,Evesham,Burlington County,08053,Burlington County,Evesham,1.0
0.0046,143541,2713503406,212127646,0.0782,23866,24250,103400,72548,8124,193877200,5676,5528,0.0786,0.1074,400508,0.4161,0.0046,0.0053,44929,18904,111272,5840,149393,0.2151,0.2357,1872,0.0434,33,0.0017,5,570,148016922,08054,Mount Laurel,Burlington County,08054,Burlington County,"Mount Laurel, Moorestown",1.0
0.0058,221447,2332722447,265780062,0.1139,14346,14800,147853,90517,16786,240806400,11979,15133,0.1135,0.187,466995,0.5905,0.0057,0.0032,28651,10534,152849,13127,187024,0.3423,0.122,1552,0.0907,16,0.0015,5,334,131682819,08055,Medford,Burlington County,08055,Burlington County,"Medford, Medford Lakes, Tabernacle",1.0
0.0005,217780,369789973,23505511,0.0636,2284,2330,147361,104612,9372,21406600,6633,11495,0.0636,0.2215,390222,0.5867,0.0005,0.0005,5427,1698,141855,33475,179271,0.2479,0.033,,0.0216,0,0.0,5,184,58299215,08056,East Greenwich,Gloucester County,08056,Gloucester County,"East Greenwich, Mantua",1.0
0.0093,329489,2514988413,428248065,0.1703,10366,10530,221067,124988,37809,391927200,28214,31071,0.171,0.274,633495,0.7851,0.0093,0.0023,20942,7633,159596,20228,243849,0.4124,0.1425,1400,0.13,70,0.0085,5,439,201245514,08057,Moorestown,Burlington County,08057,Burlington County,"Moorestown, Delran, Mount Laurel",1.0
0.0001,91830,204871894,5260187,0.0257,2966,3000,62840,48819,1623,4813400,1001,694,0.0258,0.0236,302609,0.1137,0.0001,0.0007,5521,2231,85313,14414,95342,0.0798,0.3545,1234,0.1025,0,0.0,5,214,30109856,08059,Mount Ephraim,Camden County,08059,Camden County,"Mount Ephraim, Haddon, Gloucester City, Audubon Park",1.0
0.0007,104529,1009544852,33135046,0.0328,13174,13580,69727,53195,2292,30195800,1304,1039,0.0329,0.0392,302753,0.1701,0.0007,0.003,25516,9658,104377,4485,119538,0.1322,0.2769,1458,0.1394,0,0.0,5,357,74431178,08060,Westampton,Burlington County,08060,Burlington County,"Westampton, Eastampton, Mount Holly, Springfield, Pemberton, Hainesport",1.0
0.0001,137878,184342972,3803880,0.0206,1626,1670,103004,84466,2137,3475000,1440,2021,0.0207,0.1119,307026,0.3336,0.0001,0.0004,3517,1337,132102,33347,143567,0.3141,0.0172,,0.1062,0,0.0,5,312,37890973,08061,East Greenwich,Gloucester County,08061,Gloucester County,"East Greenwich, Mantua",1.0
0.0021,220917,1257238722,98585456,0.0784,7934,7980,144409,101922,11566,91767400,8755,11828,0.0801,0.2002,441170,0.6115,0.0022,0.0018,17907,5691,153047,15474,180254,0.3516,0.0652,999,0.1687,29,0.0049,5,317,81834344,08062,Harrison,Gloucester County,08062,Gloucester County,"Harrison, South Harrison, Elk, Mantua, East Greenwich",1.0
0.0,88970,94486345,731154,0.0077,1520,1520,56470,45529,436,663000,224,0,0.0077,0.0066,244500,0.0285,0.0,0.0003,3070,1062,82639,10284,103033,0.097,0.1234,1168,0.0,0,0.0,5,91,14927223,08063,National Park,Gloucester County,08063,Gloucester County,"National Park, West Deptford",1.0
,,,,,,,,,,,,,,,,,,,60,44,,,,0.3409,0.0,,,0,0.0,,41,,08064,Pemberton,Burlington County,08064,Burlington County,Pemberton,1.0
0.0002,88149,282077739,7653432,0.0271,3940,3910,65045,47458,1761,6939200,995,549,0.0271,0.0223,411073,0.1412,0.0002,0.0009,7437,3200,84866,4174,101243,0.095,0.2534,1637,0.0552,0,0.0,5,204,28891879,08065,Palmyra,Burlington County,08065,Burlington County,Palmyra,1.0
0.0001,57235,195514977,3681214,0.0188,3856,3880,46061,36448,865,3336400,407,174,0.0188,0.0104,272925,0.0615,0.0001,0.0009,7859,3416,55147,11160,87438,0.0583,0.3454,1152,0.0885,23,0.0056,5,348,65746308,08066,West Deptford,Gloucester County,08066,Gloucester County,"West Deptford, Paulsboro, Greenwich",1.0
,,,,,,890,,,,,,,,,,,,,1646,545,105694,18267,132731,0.2165,0.1284,1609,0.0278,0,0.0,5,62,13133489,08067,Oldmans,Salem County,08067,Salem County,"Oldmans, Carneys Point",1.0
0.0001,73821,200129934,4168712,0.0208,3236,3260,56185,40049,1175,3802200,675,344,0.0209,0.0185,301713,0.0996,0.0001,0.0007,7033,2711,79741,7667,100314,0.0749,0.3943,1148,0.1575,0,0.0,5,272,38685547,08068,Pemberton,Burlington County,08068,Burlington County,"Pemberton, Springfield",1.0
0.0001,61047,319215524,6205955,0.0194,5848,6030,49584,37828,965,5643600,563,415,0.0195,0.0144,295440,0.0856,0.0001,0.0013,13402,5229,62911,4745,69184,0.0277,0.4376,1175,0.0388,78,0.0132,5,265,26640685,08069,Carneys Point,Salem County,08069,Salem County,"Carneys Point, Penns Grove, Oldmans",1.0
0.0003,85690,438817522,11591069,0.0264,6248,6520,63825,46596,1690,10559400,944,642,0.0265,0.0278,275662,0.1203,0.0003,0.0014,12468,5121,74518,7145,94117,0.0617,0.2242,1183,0.0594,0,0.0,5,268,41709739,08070,Pennsville,Salem County,08070,Salem County,"Pennsville, Carneys Point",1.0
0.0004,109417,418520314,19898574,0.0475,4796,4810,79345,54349,3753,17999800,2297,1378,0.0473,0.0425,440929,0.2364,0.0004,0.0011,9356,3825,92067,4397,103998,0.085,0.274,1336,0.1137,0,0.0,5,185,23258336,08071,Pitman,Gloucester County,08071,Gloucester County,"Pitman, Mantua, Glassboro",1.0
,,,,,,,,,,,,,,,,,,,249,104,62738,25912,89238,0.1923,0.2404,,0.0,0,0.0,,48,6047486,08072,Quinton,Salem County,08072,Salem County,Quinton,1.0
,,,,,,,,,,,,,,,,,,,0,0,,,,,,,,0,,,14,,08073,Westampton,Burlington County,08073,Burlington County,"Westampton, Willingboro",1.0
,,,,,,,,,,,,,,,,,,,0,0,,,,,,,,0,,,14,,08074,Harrison,Gloucester County,08074,Gloucester County,Harrison,1.0
0.0009,98268,1160550673,43086763,0.0371,14860,15120,70976,52578,2638,39206000,1655,2001,0.0372,0.0483,317970,0.2165,0.0009,0.0033,30359,11810,85504,8273,109044,0.1208,0.3285,1386,0.0733,0,0.0,5,442,83778959,08075,Delran,Burlington County,08075,Burlington County,"Delran, Delanco, Riverside",1.0
0.0017,150129,1095789218,80090917,0.0731,9950,10050,100172,68703,7322,72855400,4921,5758,0.0731,0.0973,377427,0.3666,0.0017,0.0022,20456,7299,129163,8124,150240,0.2303,0.1421,1795,0.0517,32,0.0042,5,302,120477915,08077,Cinnaminson,Burlington County,08077,Burlington County,"Cinnaminson, Riverton, Moorestown",1.0
0.0001,85812,262670717,5754351,0.0219,4138,4130,57658,45663,1263,5227600,744,207,0.0219,0.015,293361,0.0762,0.0001,0.0009,8005,3061,82750,12164,93634,0.051,0.3185,1316,0.1393,0,0.0,5,205,29844649,08078,Runnemede,Camden County,08078,Camden County,Runnemede,1.0
0.0003,68370,284965249,12978030,0.0455,4568,4640,56680,39807,2585,11808000,1534,384,0.0456,0.0298,296628,0.1558,0.0003,0.001,10426,4168,50975,6617,75114,0.06,0.4287,1033,0.0878,46,0.009,5,244,23062510,08079,Lower Alloways Creek,Salem County,08079,Salem County,"Lower Alloways Creek, Mannington, Quinton, Elsinboro, Salem, Alloway",1.0
0.0026,152850,2121864248,119246167,0.0562,19552,19670,98718,68175,5550,108522800,3672,5817,0.0562,0.099,377631,0.3788,0.0026,0.0044,38215,13882,114725,6543,139801,0.2136,0.126,1676,0.1038,21,0.0015,5,533,119580166,08080,Washington,Gloucester County,08080,Gloucester County,"Washington, Mantua, Deptford, East Greenwich",1.0
0.0009,111776,1940546245,43006294,0.0222,25388,25700,69447,55496,1546,39261800,1029,1239,0.0223,0.041,328649,0.1939,0.0009,0.0057,50604,17361,97931,5012,112326,0.1184,0.1729,1459,0.0754,0,0.0,5,607,113577886,08081,Winslow,Camden County,08081,"Camden County, Gloucester County","Winslow, Gloucester, Washington",1.0
0.0002,97686,375406873,11248778,0.03,5174,5240,65944,50414,1984,10264400,1143,677,0.0301,0.0317,291721,0.1402,0.0002,0.0012,9464,3843,89964,10209,108790,0.1228,0.2253,1187,0.154,7,0.0017,5,240,43513997,08083,Somerdale,Camden County,08083,Camden County,"Somerdale, Gloucester, Hi-Nella, Magnolia",1.0
0.0001,101790,265875974,6582420,0.0248,3546,3520,68100,53070,1689,5989000,978,1256,0.0248,0.0321,328325,0.155,0.0001,0.0008,6962,2612,89200,17563,116325,0.0999,0.2496,1109,0.0478,0,0.0,5,183,40604007,08084,Stratford,Camden County,08084,Camden County,Stratford,1.0
0.001,162037,1146415295,46550855,0.0406,10076,10510,103543,80802,4234,42658800,3019,4333,0.0409,0.1247,331696,0.3993,0.001,0.0023,21364,7075,134806,11061,152840,0.256,0.1659,1780,0.058,25,0.0034,5,289,81376187,08085,Woolwich,Gloucester County,08085,"Gloucester County, Salem County","Woolwich, Logan, South Harrison, Swedesboro, Oldmans, Greenwich",1.0
0.0004,104185,370481929,16907948,0.0456,4362,4420,77198,53422,3525,15375200,2169,2025,0.0457,0.0564,336823,0.2461,0.0004,0.001,8121,3556,85305,13927,106770,0.1226,0.3147,1690,0.1013,0,0.0,5,387,46966631,08086,West Deptford,Gloucester County,08086,Gloucester County,West Deptford,1.0
0.001,90962,960556732,44369543,0.0462,12878,13240,67894,42026,3141,40453400,1805,1564,0.0463,0.0332,358843,0.1757,0.001,0.0029,25057,10560,83224,3257,106570,0.1073,0.1557,1631,0.0935,1901,0.146,5,396,123105518,08087,Little Egg Harbor,Ocean County,08087,"Ocean County, Burlington County","Little Egg Harbor, Bass River, Tuckerton",1.0
0.0015,134517,1259612915,71066267,0.0564,12306,12390,93039,61270,5260,64732200,3159,6157,0.0565,0.0884,373575,0.355,0.0015,0.0028,23988,9364,102377,7695,126557,0.1731,0.0427,2093,0.0558,38,0.0039,5,382,65116141,08088,Tabernacle,Burlington County,08088,Burlington County,"Tabernacle, Shamong, Southampton, Woodland, Lumberton",1.0
0.0001,103089,144119108,3526574,0.0245,1992,1990,65801,45200,1619,3224800,1019,1767,0.0246,0.0251,452188,0.1725,0.0001,0.0004,4152,1398,104100,15328,123776,0.1567,0.0629,933,0.2806,3,0.002,5,159,34369223,08089,Waterford,Camden County,08089,Camden County,"Waterford, Winslow, Chesilhurst",1.0
0.0003,125909,388932996,15849678,0.0408,4404,4440,80231,60196,3249,14309200,1913,2735,0.0405,0.0577,345162,0.2481,0.0003,0.001,9843,3089,111058,12508,129611,0.1169,0.1007,1156,0.1296,0,0.0,5,251,37756817,08090,Deptford,Gloucester County,08090,Gloucester County,"Deptford, Wenonah",1.0
0.0004,110079,249439988,17826184,0.0715,3034,3060,74678,48864,5351,16234600,3473,1465,0.0717,0.0461,443250,0.2739,0.0004,0.0007,5881,2266,87593,25003,97288,0.0516,0.3261,1339,0.1284,11,0.0047,5,301,28766669,08091,Berlin,Camden County,08091,Camden County,Berlin,1.0
0.0002,152201,180206072,9064308,0.0503,1898,1920,86354,54531,4373,8300400,2857,5918,0.0506,0.0811,375138,0.3525,0.0002,0.0004,3098,1184,94574,8838,128561,0.1934,0.1858,1159,0.1399,115,0.0814,5,107,21996288,08092,Eagleswood,Ocean County,08092,Ocean County,"Eagleswood, Stafford",1.0
0.0001,65846,283399563,4233219,0.0149,4890,4900,52660,42427,792,3873800,456,180,0.015,0.0127,279948,0.0674,0.0001,0.0011,9690,4304,65283,15631,84125,0.0548,0.4526,1236,0.0393,0,0.0,5,419,43633071,08093,Deptford,Gloucester County,08093,Gloucester County,"Deptford, West Deptford, Westville",1.0
0.0008,104392,1556485857,37697462,0.0242,20148,20750,70281,54072,1712,34503200,1103,1378,0.0244,0.0444,298714,0.1886,0.0008,0.0045,41089,14910,96741,8409,118954,0.1514,0.1614,1376,0.1248,34,0.0022,5,601,103555775,08094,Monroe,Gloucester County,08094,"Gloucester County, Atlantic County","Monroe, Buena Vista, Franklin, Clayton, Folsom, Glassboro, Washington",1.0
,,,,,,,,,,,,,,,,,,,0,0,,,,,,,,0,,,14,,08095,Winslow,Camden County,08095,Camden County,Winslow,1.0
0.0012,101305,1383829074,54131933,0.0391,18106,18390,69451,51987,2717,49186200,1688,1313,0.0391,0.0379,333352,0.1819,0.0012,0.0041,35573,13660,91275,6624,109531,0.1426,0.2576,1368,0.1491,0,0.0,5,607,95073561,08096,Deptford,Gloucester County,08096,Gloucester County,"Deptford, West Deptford, Woodbury, Woodbury Heights",1.0
0.0001,116383,135470312,3514436,0.0259,1652,1700,74628,56182,1943,3209200,1062,714,0.026,0.0387,333159,0.1729,0.0001,0.0004,3244,1164,110694,10905,131328,0.1452,0.0507,1328,0.2913,0,0.0,5,101,16812862,08097,Woodbury Heights,Gloucester County,08097,Gloucester County,"Woodbury Heights, Deptford, Woodbury",1.0
0.0006,129572,437045061,29009761,0.0664,4352,4400,91377,58317,6089,26500600,3926,4738,0.0666,0.0767,404584,0.3398,0.0006,0.001,9475,3373,111950,22160,136486,0.1693,0.2544,1262,0.1724,0,0.0,5,223,40627308,08098,Pilesgrove,Salem County,08098,"Salem County, Gloucester County","Pilesgrove, Alloway, Mannington, Upper Pittsgrove, Woodstown, Carneys Point, South Harrison",1.0
0.0,32673,99914137,221593,0.0022,2864,2820,31713,28102,69,199000,38,0,0.0022,0.0,,0.0,0.0,0.0006,8418,3058,30679,3695,53835,0.034,0.7865,1062,0.1189,0,0.0,5,324,37340747,08102,Camden,Camden County,08102,Camden County,Camden,1.0
0.0,40584,169600767,211198,0.0012,4814,4850,32032,27263,40,192800,19,0,0.0013,0.0042,362020,0.047,0.0,0.0011,12682,4179,34434,9472,49517,0.0093,0.631,1119,0.0735,0,0.0,5,355,31983828,08103,Camden,Camden County,08103,Camden County,Camden,1.0
0.0,33115,273927131,509771,0.0019,9044,8940,27527,23473,51,461400,30,10,0.0019,0.0,,0.0,0.0,0.002,21656,8272,32637,6201,48933,0.0253,0.6801,1044,0.1785,73,0.0074,5,551,49482577,08104,Camden,Camden County,08104,Camden County,"Camden, Woodlynne, Haddon",1.0
0.0,47437,388984962,394839,0.001,11900,11740,29693,25846,31,365000,21,51,0.001,0.0,,0.0,0.0,0.0027,26615,8200,41742,5086,57670,0.0317,0.5457,1146,0.187,0,0.0,5,504,39088711,08105,Camden,Camden County,08105,Camden County,Camden,1.0
0.0003,106347,411776459,14738537,0.0358,5038,5030,74314,56981,2675,13477400,1622,1060,0.036,0.0409,319353,0.1757,0.0003,0.0011,9726,3872,93670,10999,109732,0.1196,0.3626,1046,0.1199,58,0.0143,5,233,31845333,08106,Audubon,Camden County,08106,Camden County,"Audubon, Audubon Park",1.0
0.0003,78903,452903904,14559964,0.0321,6674,6640,61721,48227,1992,13294400,1216,1017,0.0323,0.0324,322404,0.1691,0.0003,0.0015,13568,5740,68627,9098,93033,0.0793,0.4807,1209,0.0988,20,0.0032,5,331,45497142,08107,Oaklyn,Camden County,08107,Camden County,"Oaklyn, Collingswood, Haddon, Woodlynne",1.0
0.0012,113326,991943515,54842940,0.0553,9516,9460,94798,71392,5256,50013600,3142,2506,0.0554,0.0925,325515,0.3175,0.0012,0.0021,18970,8753,102491,8965,122484,0.1533,0.3554,1492,0.0529,29,0.0032,5,447,88127139,08108,Haddon,Camden County,08108,Camden County,"Haddon, Collingswood",1.0
0.0005,89346,785889770,23339288,0.0297,11602,11640,61557,45995,1837,21307600,1102,955,0.0298,0.025,376496,0.1529,0.0005,0.0026,23747,8796,80527,7465,98659,0.0883,0.2747,1137,0.2131,0,0.0,5,460,68235269,08109,Pennsauken,Camden County,08109,Camden County,"Pennsauken, Merchantville, Camden",1.0
0.0001,78177,481727213,5092091,0.0106,10204,10510,42945,35226,453,4626200,264,340,0.0106,0.0059,378503,0.0518,0.0001,0.0023,19465,6162,77585,11702,88956,0.055,0.2605,1160,0.0889,9,0.0013,5,469,69501050,08110,Pennsauken,Camden County,08110,Camden County,"Pennsauken, Camden",1.0
0.0003,93261,381065719,14817991,0.0389,5698,5760,60859,41191,2371,13507400,1396,1487,0.039,0.0326,344301,0.1847,0.0003,0.0013,10078,4086,67100,9568,98598,0.0622,0.3536,1699,0.1223,75,0.0175,5,367,112570404,08201,Absecon,Atlantic County,08201,Atlantic County,"Absecon, Pleasantville",1.0
,,,,,,790,,,,,,,,,,,,,1625,816,152670,34112,220701,0.3137,0.0319,1625,0.1288,4362,0.7763,5,91,35339008,08202,Avalon,Cape May County,08202,Cape May County,"Avalon, Middle",1.0
0.0008,115890,434356250,37584442,0.0865,4252,4010,93071,51969,8094,34417800,5315,4467,0.087,0.0884,433002,0.4114,0.0008,0.001,7784,3748,91307,13651,136294,0.1729,0.2807,1481,0.0635,5143,0.5596,5,191,67113387,08203,Brigantine,Atlantic County,08203,Atlantic County,"Brigantine, Atlantic City",1.0
0.0017,102940,801595739,78599542,0.0981,8914,8920,81927,40341,8052,71773000,5339,6421,0.0983,0.0597,498718,0.3633,0.0017,0.002,17392,7787,76624,8760,104035,0.0982,0.2219,1180,0.125,4214,0.3266,5,423,82502156,08204,Lower,Cape May County,08204,Cape May County,"Lower, Cape May, Middle, West Cape May",1.0
0.001,93922,1039529680,44604732,0.0429,14722,14870,64199,44554,2761,40645000,1733,1477,0.043,0.0298,380378,0.1763,0.001,0.0033,28491,11068,83247,7235,103683,0.0953,0.2038,1509,0.0638,276,0.0233,5,523,87534670,08205,Galloway,Atlantic County,08205,Atlantic County,"Galloway, Absecon",1.0
0.0012,95511,695798282,53770370,0.0773,8794,8900,72004,41980,5603,49271800,4049,3606,0.0778,0.048,394239,0.2627,0.0012,0.002,17377,7285,86366,9670,105759,0.11,0.2071,1469,0.0302,631,0.0769,5,403,66344462,08210,Middle,Cape May County,08210,Cape May County,"Middle, Dennis",1.0
,,,,,,,,,,,,,,,,,,,155,85,82679,7587,121900,0.1765,0.0,,,448,0.6627,,37,4685745,08212,Cape May Point,Cape May County,08212,Cape May County,Cape May Point,1.0
0.0004,84184,461494216,17183607,0.0372,6572,6740,63872,43776,2393,15724000,1316,2293,0.0375,0.0338,330460,0.1748,0.0004,0.0015,13789,5482,74838,7516,94556,0.0618,0.2776,1163,0.0895,129,0.0221,5,482,60230005,08215,Washington,Atlantic County,08215,"Atlantic County, Burlington County","Washington, Galloway, Mullica, Egg Harbor City, Bass River",1.0
,,,,,,,,,,,,,,,,,,,0,0,,,,,,,,0,,,14,,08217,Mullica,Atlantic County,08217,Atlantic County,Mullica,1.0
0.0013,198729,527624682,62014802,0.1175,3700,3780,129576,73011,15164,56108000,10262,16439,0.117,0.1492,505192,0.5817,0.0013,0.0008,6952,2655,133487,19877,192622,0.3036,0.0983,1780,0.0654,10,0.0035,5,128,72494001,08221,Linwood,Atlantic County,08221,Atlantic County,"Linwood, Egg Harbor",1.0
0.0004,117363,222167859,17642487,0.0794,2254,2290,89704,51317,7178,16180200,4750,6587,0.08,0.0799,389452,0.3467,0.0004,0.0005,4230,1893,98125,26734,119391,0.1543,0.1337,1565,0.0318,467,0.1924,5,246,34292318,08223,Upper,Cape May County,08223,Cape May County,Upper,1.0
,,,,,,,,,,,,,,,,,,,189,57,134464,89793,152163,0.386,0.0,,0.0,0,0.0,,24,4288307,08224,Bass River,Burlington County,08224,Burlington County,Bass River,1.0
0.0006,127682,403348204,28071430,0.0696,4634,4740,79190,51094,5547,25703000,3646,5067,0.07,0.0561,421569,0.2987,0.0006,0.001,8432,3159,103977,7485,137280,0.1665,0.119,1543,0.0358,0,0.0,5,182,72132486,08225,Northfield,Atlantic County,08225,Atlantic County,"Northfield, Egg Harbor",1.0
0.0025,149147,823437974,114032265,0.1385,6148,6120,122192,56182,16953,104226800,11424,13200,0.1387,0.1402,492409,0.565,0.0025,0.0014,11260,5521,98576,8288,141849,0.213,0.2791,1404,0.1363,13668,0.6561,5,260,66300422,08226,Ocean City,Cape May County,08226,Cape May County,Ocean City,1.0
0.0005,133572,305746828,20795935,0.068,3120,3190,89095,53395,6071,18940400,3864,5430,0.0681,0.0731,391847,0.3214,0.0004,0.0007,6139,2289,109046,15654,141860,0.1638,0.0454,1801,0.0735,383,0.1419,5,222,49604338,08230,Upper,Cape May County,08230,Cape May County,"Upper, Dennis",1.0
0.0001,57639,371079704,4211533,0.0113,10034,10280,33644,27046,381,3823200,271,142,0.0113,0.0032,316619,0.03,0.0001,0.0022,20241,6438,49701,4297,80834,0.0429,0.5005,1127,0.0354,117,0.0163,5,447,88545659,08232,Pleasantville,Atlantic County,08232,Atlantic County,"Pleasantville, Egg Harbor",1.0
0.0016,107763,1744259272,73600639,0.0422,23794,24210,66677,47566,2823,67158800,1771,1722,0.0423,0.0419,350241,0.2199,0.0016,0.0053,46462,16186,92681,6190,110354,0.127,0.1658,1519,0.0536,157,0.0091,5,569,111085569,08234,Egg Harbor,Atlantic County,08234,Atlantic County,Egg Harbor,1.0
,,,,,,,,,,,,,,,,,,,2842,4,,,,0.0,0.0,,,0,0.0,,7,,08240,Galloway,Atlantic County,08240,Atlantic County,Galloway,1.0
,,,,,,600,,,,,,,,,,,,,980,434,128611,53867,205014,0.3318,0.0253,,0.4062,0,0.0,5,138,65244511,08241,Port Republic,Atlantic County,08241,Atlantic County,Port Republic,1.0
0.0001,64405,112965620,4840960,0.0429,2116,2200,48566,27737,2104,4451200,1384,754,0.0433,0.0095,359580,0.07,0.0001,0.0005,3726,1754,88853,18840,95341,0.0735,0.2611,1704,0.0,317,0.1493,5,267,42002190,08242,Middle,Cape May County,08242,Cape May County,"Middle, Lower",1.0
0.0004,137840,155345852,17941737,0.1155,1118,1100,126586,54035,14709,16444200,10103,10823,0.1162,0.1485,459390,0.5388,0.0004,0.0003,2047,1127,90703,14841,130021,0.1837,0.0719,1210,0.0886,4990,0.7404,5,132,27343616,08243,Sea Isle City,Cape May County,08243,Cape May County,Sea Isle City,1.0
0.0004,79300,379928395,17988862,0.0473,5654,5550,61100,39433,2902,16410600,1761,1599,0.0475,0.0301,415089,0.2043,0.0004,0.0013,10631,4791,67300,6943,87625,0.0622,0.4872,1218,0.0176,741,0.1262,5,312,43986761,08244,Somers Point,Atlantic County,08244,Atlantic County,"Somers Point, Egg Harbor",1.0
,,,,,,,,,,,,,,,,,,,0,0,,,,,,,,0,,,14,,08245,Dennis,Cape May County,08245,Cape May County,Dennis,1.0
,,,,,,,,,,,,,,,,,,,60,30,,,,0.0,0.0,,,118,0.7973,,46,,08246,Dennis,Cape May County,08246,Cape May County,Dennis,1.0
,,,,,,490,,,,,,,,,,,,,977,532,136250,31117,228154,0.3759,0.1278,1625,0.4857,2513,0.7671,5,73,25537795,08247,Middle,Cape May County,08247,Cape May County,"Middle, Stone Harbor",1.0
,,,,,,,,,,,,,,,,,,,121,64,102162,87400,133727,0.1406,0.0,,,398,0.7758,,65,7580846,08248,Upper,Cape May County,08248,Cape May County,Upper,1.0
0.0002,58144,265891849,9147625,0.0344,4932,4810,49006,32119,1700,8382000,1050,609,0.0347,0.0142,311274,0.0902,0.0002,0.0011,10308,4573,76018,6269,96232,0.0881,0.1518,1396,0.0509,1906,0.2893,5,382,51645838,08251,Lower,Cape May County,08251,Cape May County,"Lower, Middle",1.0
0.001,76487,506802374,46896463,0.0925,7246,7440,63750,34166,5916,42867400,3951,3796,0.0928,0.0483,421138,0.3191,0.001,0.0016,12680,6626,63460,8126,107036,0.1041,0.3516,1167,0.0655,15057,0.6446,5,320,87232257,08260,Lower,Cape May County,08260,Cape May County,"Lower, Middle, North Wildwood, Wildwood, Wildwood Crest, West Wildwood",1.0
0.0002,82503,262853339,10602285,0.0403,3606,3640,66249,45288,2694,9714600,1764,2369,0.0407,0.0405,314727,0.1923,0.0002,0.0008,8231,3186,90000,4310,99606,0.0841,0.1817,1146,0.0744,351,0.0939,5,269,29689015,08270,Dennis,Cape May County,08270,"Cape May County, Atlantic County, Cumberland County","Dennis, Upper, Estell Manor, Woodbine, Corbin City, Maurice River",1.0
0.0008,71715,1033919123,36006297,0.0348,18254,18660,51523,38470,1803,32918800,1128,1209,0.035,0.0179,361842,0.1254,0.0008,0.0041,47487,14417,58185,4252,78556,0.0569,0.4235,1229,0.0238,88,0.0055,5,430,59034467,08302,Fairfield,Cumberland County,08302,"Cumberland County, Salem County","Fairfield, Hopewell, Upper Deerfield, Stow Creek, Deerfield, Alloway, Bridgeton, Quinton, Pittsgrove",1.0
,,,,,,900,,,,,,,,,,,,,979,516,43143,11586,105777,0.0271,0.2345,1098,0.0,25,0.0415,5,145,47097253,08310,Buena Vista,Atlantic County,08310,Atlantic County,"Buena Vista, Buena",1.0
,,,,,,970,,,,,,,,,,,,,1601,549,72083,23331,90242,0.0747,0.1494,1250,0.0255,0,0.0,5,92,11668249,08311,Lawrence,Cumberland County,08311,Cumberland County,"Lawrence, Fairfield",1.0
0.0001,87465,269391184,5133607,0.0191,4062,4060,60241,45785,1143,4644800,610,520,0.019,0.0222,271589,0.0999,0.0001,0.0009,8460,3080,88963,23257,102185,0.0945,0.274,1180,0.0716,0,0.0,5,261,32068316,08312,Clayton,Gloucester County,08312,Gloucester County,Clayton,1.0
,,,,,,110,,,,,,,,,,,,,587,217,,,99425,0.023,0.0691,,0.131,0,0.0,5,101,12725329,08314,Maurice River,Cumberland County,08314,Cumberland County,Maurice River,1.0
,,,,,,,,,,,,,,,,,,,163,96,35217,21816,45457,0.0,0.375,,0.0,0,0.0,,70,2644683,08316,Maurice River,Cumberland County,08316,Cumberland County,Maurice River,1.0
,,,,,,590,,,,,,,,,,,,,1184,569,78992,39939,92008,0.0,0.1687,,0.1012,0,0.0,5,156,16666288,08317,Weymouth,Atlantic County,08317,Atlantic County,"Weymouth, Estell Manor",1.0
0.0006,116654,510009207,25918037,0.0508,5954,5970,77821,52653,3990,23757000,2425,4560,0.0513,0.0514,379543,0.2507,0.0006,0.0013,12069,4372,83227,9292,105363,0.1201,0.175,1228,0.0984,0,0.0,5,256,42511662,08318,Pittsgrove,Salem County,08318,"Salem County, Cumberland County","Pittsgrove, Upper Pittsgrove, Alloway, Upper Deerfield, Elmer",1.0
,,,,,,650,,,,,,,,,,,,,1343,463,115781,20814,126958,0.1274,0.0173,,0.043,70,0.1259,5,82,11184940,08319,Estell Manor,Atlantic County,08319,Atlantic County,Estell Manor,1.0
,,,,,,,,,,,,,,,,,,,1053,0,,,,,,,,0,,,14,,08320,Fairfield,Cumberland County,08320,Cumberland County,Fairfield,1.0
,,,,,,,,,,,,,,,,,,,95,57,39583,30539,125616,0.1579,0.0,,,135,0.477,,25,5340559,08321,Downe,Cumberland County,08321,Cumberland County,Downe,1.0
0.0004,128454,447406566,16928210,0.0378,5054,5090,80690,59219,3078,15555000,2212,3369,0.0381,0.0526,393359,0.2566,0.0004,0.0011,10355,3483,102243,12220,117336,0.1559,0.1036,1509,0.0634,0,0.0,5,241,40202096,08322,Franklin,Gloucester County,08322,Gloucester County,"Franklin, Clayton",1.0
,,,,,,370,,,,,,,,,,,,,683,271,95875,20851,115749,0.1439,0.1439,1063,0.0659,11,0.0343,5,50,5957057,08323,Greenwich,Cumberland County,08323,Cumberland County,Greenwich,1.0
,,,,,,210,,,,,,,,,,,,,327,118,71196,16817,78728,0.0,0.5508,1193,0.0,0,0.0,5,67,5350995,08324,Maurice River,Cumberland County,08324,Cumberland County,Maurice River,1.0
,,,,,,820,,,,,,,,,,,,,1063,370,92778,40686,100066,0.0378,0.2568,1660,0.4087,0,0.0,5,112,13018325,08326,Buena,Atlantic County,08326,Atlantic County,"Buena, Buena Vista",1.0
,,,,,,380,,,,,,,,,,,,,3836,198,76190,52373,272821,0.1919,0.1616,,0.0,36,0.1538,5,106,66517726,08327,Maurice River,Cumberland County,08327,Cumberland County,Maurice River,1.0
,,,,,,660,,,,,,,,,,,,,1528,577,93313,42389,103541,0.0451,0.1768,,0.1004,0,0.0,5,136,21005504,08328,Franklin,Gloucester County,08328,Gloucester County,Franklin,1.0
,,,,,,,,,,,,,,,,,,,321,144,61221,22859,62335,0.0,0.0,,0.0,0,0.0,,90,5351147,08329,Commercial,Cumberland County,08329,Cumberland County,Commercial,1.0
0.0007,88626,1042947826,33587155,0.0322,15170,15530,62578,45256,2019,30627400,1205,1563,0.0323,0.0281,374632,0.1681,0.0007,0.0034,29895,11768,83663,8309,101881,0.0749,0.2698,1552,0.0667,240,0.0189,5,554,100275088,08330,Hamilton,Atlantic County,08330,Atlantic County,"Hamilton, Estell Manor, Weymouth, Corbin City, Buena Vista, Galloway",1.0
0.0008,69653,1009825964,35764063,0.0354,16432,16570,55831,38573,1984,32603200,1250,1611,0.0355,0.0166,545109,0.1616,0.0008,0.0037,35292,14498,64973,6112,104723,0.0886,0.32,1223,0.0648,1,0.0001,5,537,319027089,08332,Millville,Cumberland County,08332,Cumberland County,"Millville, Maurice River, Lawrence, Commercial, Deerfield, Vineland, Fairfield",1.0
,,,,,,430,,,,,,,,,,,,,939,385,70536,23060,83914,0.0416,0.2208,1247,0.0,0,0.0,5,136,14421756,08340,Maurice River,Cumberland County,08340,"Cumberland County, Atlantic County","Maurice River, Buena Vista",1.0
,,,,,,820,,,,,,,,,,,,,2286,811,73750,19293,87949,0.0863,0.5499,1057,0.0,0,0.0,5,139,14957176,08341,Buena,Atlantic County,08341,Atlantic County,Buena,1.0
0.0002,146931,224951464,10379851,0.0461,2262,2290,90492,61655,4212,9526800,2648,5058,0.0465,0.0769,378025,0.3213,0.0002,0.0005,4882,1531,134327,28364,143683,0.2495,0.0601,2529,0.0593,29,0.0174,5,180,47978180,08343,Upper Pittsgrove,Salem County,08343,"Salem County, Gloucester County","Upper Pittsgrove, Elk, Franklin",1.0
0.0002,121400,229082223,10257835,0.0448,2940,3020,71006,49464,3195,9393200,2228,2203,0.045,0.0306,505973,0.2181,0.0002,0.0007,4752,1887,69449,16468,94540,0.1028,0.0567,1427,0.1385,0,0.0,5,232,21040893,08344,Franklin,Gloucester County,08344,"Gloucester County, Cumberland County, Atlantic County, Salem County","Franklin, Vineland, Newfield, Buena Vista, Upper Pittsgrove, Buena",1.0
,,,,,,350,,,,,,,,,,,,,709,337,60268,31298,71163,0.0237,0.0801,1313,0.5195,43,0.0982,5,83,7397419,08345,Downe,Cumberland County,08345,Cumberland County,"Downe, Lawrence",1.0
,,,,,,380,,,,,,,,,,,,,430,185,76938,53765,78293,0.0,0.0,,0.0,0,0.0,5,89,7229873,08346,Buena Vista,Atlantic County,08346,Atlantic County,Buena Vista,1.0
,,,,,,140,,,,,,,,,,,,,196,66,215329,210498,160752,0.5758,0.1212,,1.0,0,0.0,5,54,11223673,08348,Maurice River,Cumberland County,08348,Cumberland County,Maurice River,1.0
,,,,,,800,,,,,,,,,,,,,2450,845,57050,24490,93666,0.0438,0.3716,1683,0.0803,4,0.0037,5,176,35399741,08349,Commercial,Cumberland County,08349,Cumberland County,"Commercial, Downe",1.0
,,,,,,370,,,,,,,,,,,,,518,156,,,115794,0.0,0.0,,0.0,0,0.0,5,116,17723444,08350,Buena Vista,Atlantic County,08350,Atlantic County,Buena Vista,1.0
,,,,,,,,,,,,,,,,,,,388,85,79226,59561,112040,0.2118,0.5882,1889,0.0,0,0.0,,55,6190932,08352,Deerfield,Cumberland County,08352,Cumberland County,Deerfield,1.0
,,,,,,260,,,,,,,,,,,,,305,115,87917,17688,92706,0.0435,0.2174,1142,0.1463,0,0.0,5,34,3415060,08353,Shiloh,Cumberland County,08353,Cumberland County,Shiloh,1.0
0.0006,68145,1058090931,26687290,0.0252,20270,20390,47460,36485,1201,24349200,662,1177,0.0253,0.0113,392797,0.0939,0.0006,0.0045,43784,15527,61484,3269,82986,0.0506,0.3464,1146,0.1119,26,0.0016,5,724,124466739,08360,Vineland,Cumberland County,08360,"Cumberland County, Atlantic County, Gloucester County","Vineland, Buena Vista, Franklin, Buena",1.0
0.0014,129998,850708130,63281883,0.0744,9086,9350,85174,50760,6359,57779200,4228,6872,0.0747,0.0489,570372,0.3272,0.0014,0.002,18886,6544,90815,13726,105672,0.1048,0.2048,1294,0.1127,32,0.0046,5,472,76871060,08361,Vineland,Cumberland County,08361,Cumberland County,Vineland,1.0
0.0006,38358,633443959,26768140,0.0423,16228,16210,35494,25207,1499,24319800,1023,1182,0.0422,0.0099,499749,0.1388,0.0006,0.0036,38726,16514,35279,2941,56233,0.0372,0.6923,1059,0.0218,1482,0.0717,5,653,85724487,08401,Atlantic City,Atlantic County,08401,Atlantic County,"Atlantic City, Ventnor City",1.0
0.0015,188220,486361512,71316519,0.1466,2950,2920,150244,68741,22258,65660800,15307,19036,0.1481,0.1708,563372,0.6406,0.0016,0.0007,5331,2584,112661,14571,165725,0.255,0.1026,1298,0.1785,3934,0.5746,5,152,60234956,08402,Margate City,Atlantic County,08402,Atlantic County,Margate City,1.0
,,,,,,510,,,,,,,,,,,,,946,495,108750,13084,216569,0.2727,0.101,2229,0.0938,1081,0.6765,5,76,33543514,08403,Egg Harbor,Atlantic County,08403,Atlantic County,"Egg Harbor, Longport",1.0
0.001,99048,426600500,44740312,0.1049,4808,4660,80818,45162,8528,41000600,5805,6625,0.1055,0.0666,492684,0.4057,0.001,0.0011,9046,4307,71639,10358,105031,0.1231,0.3636,1488,0.0678,2971,0.3849,5,281,50588542,08406,Ventnor City,Atlantic County,08406,Atlantic County,"Ventnor City, Atlantic City, Margate City",1.0
0.0008,204068,502006201,38235166,0.0762,3364,3380,135698,87167,10324,34730000,5964,9194,0.0761,0.1891,406206,0.5659,0.0008,0.0008,6417,2460,135370,43906,172422,0.3309,0.085,1543,0.0452,0,0.0,5,258,78521842,08501,Upper Freehold,Monmouth County,08501,"Monmouth County, Burlington County, Mercer County","Upper Freehold, North Hanover, Hamilton, Allentown",1.0
0.0035,333904,1277850525,161048103,0.126,5296,5450,219617,158235,27689,146641800,20150,14859,0.1261,0.3425,501724,0.7825,0.0035,0.0012,11603,3827,229272,20852,263291,0.5853,0.1732,2290,0.047,0,0.0,5,236,85449982,08502,Montgomery,Somerset County,08502,Somerset County,Montgomery,1.0
0.0009,125208,903503265,40103192,0.0444,9602,9910,85592,64208,3844,36913200,2624,1584,0.0449,0.0742,318519,0.2759,0.0009,0.0022,18067,7216,106986,9142,132831,0.1766,0.2867,1463,0.0675,4,0.0005,5,454,78611813,08505,Bordentown,Burlington County,08505,Burlington County,"Bordentown, Mansfield, Springfield, Florence, Fieldsboro",1.0
0.0009,234711,452523268,42107927,0.0931,2462,2520,167188,103095,15641,38507400,11639,19709,0.0936,0.2145,525107,0.6736,0.0009,0.0006,5520,1928,190379,42465,203289,0.4678,0.0415,2204,0.0,0,0.0,5,327,81354111,08510,Millstone,Monmouth County,08510,Monmouth County,Millstone,1.0
,,,,,,490,,,,,,,,,,,,,880,329,76094,8721,103195,0.1033,0.3495,1138,0.1333,0,0.0,5,53,6265353,08511,New Hanover,Burlington County,08511,Burlington County,"New Hanover, North Hanover",1.0
0.0033,198793,956593589,154724471,0.1617,6106,6100,142625,92262,23135,141262000,14669,6939,0.1622,0.1802,506710,0.64,0.0034,0.0014,12519,4812,115000,25414,158358,0.2741,0.372,1620,0.0186,53,0.0106,5,407,71092797,08512,Cranbury,Middlesex County,08512,"Middlesex County, Mercer County","Cranbury, South Brunswick, Plainsboro, East Windsor, West Windsor",1.0
0.0004,145931,302222107,20566994,0.0681,2332,2340,117740,79953,8055,18785000,5236,8109,0.0684,0.1578,385974,0.5173,0.0004,0.0005,5597,2071,120811,34675,177389,0.2728,0.0744,1425,0.0389,114,0.0503,5,332,111079195,08514,Upper Freehold,Monmouth County,08514,"Monmouth County, Ocean County","Upper Freehold, Plumsted, Jackson",1.0
0.0006,178550,416556346,26085025,0.0626,2820,2920,134564,104789,8439,23796600,6092,5227,0.0627,0.2135,326216,0.5175,0.0006,0.0006,7857,2333,189353,23769,192894,0.4586,0.0497,2165,0.0519,0,0.0,5,181,42889108,08515,Chesterfield,Burlington County,08515,Burlington County,"Chesterfield, Bordentown",1.0
0.0001,111841,237438788,5593559,0.0236,3002,3040,71873,55855,1697,5095400,926,1093,0.0236,0.0486,312652,0.2116,0.0001,0.0007,5660,2123,102548,12199,114818,0.1267,0.3184,1231,0.1493,0,0.0,5,191,31981388,08518,Florence,Burlington County,08518,Burlington County,"Florence, Burlington",1.0
0.0016,136030,1425596933,74708977,0.0524,14868,15280,87185,66379,4575,68026400,2723,1994,0.0525,0.0901,347067,0.3588,0.0016,0.0033,29296,10480,115931,8912,141321,0.2188,0.2961,1533,0.0547,128,0.0115,5,507,136541592,08520,East Windsor,Mercer County,08520,Mercer County,"East Windsor, Robbinsville, Hightstown",1.0
0.0012,211978,408693602,54399887,0.1331,2332,2360,159285,99002,21192,49419800,13456,10813,0.133,0.2187,461024,0.633,0.0012,0.0005,4554,1928,150278,17872,179311,0.3553,0.1644,1809,0.2041,9,0.0045,5,222,52084799,08525,Hopewell,Mercer County,08525,"Mercer County, Hunterdon County, Somerset County","Hopewell, East Amwell, West Amwell, Montgomery",1.0
0.003,124933,2594493582,138486396,0.0534,27388,27140,86242,55798,4637,126989800,2924,4071,0.0538,0.0738,380370,0.3256,0.003,0.0061,57943,20767,108039,5582,125503,0.1686,0.1345,1673,0.225,56,0.0026,5,621,127046896,08527,Jackson,Ocean County,08527,Ocean County,Jackson,1.0
,,,,,,230,,,,,,,,,,,,,163,151,,,,0.0795,0.0,,,0,0.0,5,222,,08528,Franklin,Somerset County,08528,"Somerset County, Middlesex County","Franklin, South Brunswick",1.0
0.0016,172095,573075878,74388192,0.1298,3906,3860,133393,83857,17587,68695000,11878,6298,0.1318,0.1649,460102,0.5687,0.0016,0.0009,8114,3330,120112,19986,179345,0.2853,0.2261,1705,0.1217,13,0.0035,5,174,122430010,08530,West Amwell,Hunterdon County,08530,"Hunterdon County, Mercer County","West Amwell, Hopewell, Delaware, Lambertville, East Amwell",1.0
0.0002,142174,333540306,10282683,0.0308,3598,3840,84429,63856,2634,9477000,1654,2050,0.0312,0.0728,313001,0.27,0.0002,0.0008,6140,2346,104154,16388,133454,0.1266,0.2626,1457,0.1572,0,0.0,5,305,77730638,08533,Plumsted,Ocean County,08533,Ocean County,"Plumsted, Manchester, Jackson",1.0
0.0057,325262,1524829688,263373172,0.1727,6362,6410,217601,137510,37536,238807000,23962,12595,0.1725,0.2792,581354,0.7458,0.0057,0.0014,12990,4688,179516,21709,212178,0.4294,0.1538,1828,0.0965,67,0.0134,5,324,95352216,08534,Hopewell,Mercer County,08534,Mercer County,"Hopewell, Pennington",1.0
0.0009,297944,490415672,42423584,0.0865,2614,2620,170094,108760,14818,38734400,9157,17074,0.0871,0.241,486726,0.6897,0.0009,0.0006,4851,1646,191184,37917,261055,0.4654,0.1312,2219,0.1348,0,0.0,5,274,87998367,08535,Millstone,Monmouth County,08535,Monmouth County,Millstone,1.0
0.002,166717,1399588750,91492213,0.0654,9392,9470,135716,108617,8907,83652600,5845,4387,0.0656,0.1736,430677,0.5507,0.002,0.0021,20693,8395,122254,12365,166911,0.2338,0.5569,1849,0.0372,93,0.0106,5,339,177246942,08536,Plainsboro,Middlesex County,08536,Middlesex County,Plainsboro,1.0
0.0285,349662,6146366106,1315530144,0.214,21542,22230,259484,153774,55520,1196001600,38601,20763,0.214,0.3185,663463,0.8145,0.0284,0.0048,48513,17578,161018,16342,229886,0.3989,0.3602,2060,0.1495,221,0.0117,5,733,271730143,08540,Princeton,Mercer County,08540,"Mercer County, Somerset County, Middlesex County","Princeton, Franklin, West Windsor, Lawrence, Montgomery, Hopewell, South Brunswick, Plainsboro",1.0
0.0017,284562,324115719,77942170,0.2405,1728,1760,170247,84654,40527,70031400,24091,10505,0.2381,0.1667,736824,0.7213,0.0017,0.0004,2595,1139,157336,25272,178618,0.3415,0.5505,2652,0.1825,73,0.0547,5,254,58450208,08542,Princeton,Mercer County,08542,Mercer County,Princeton,1.0
,,,,,,,,,,,,,,,,,,,4504,13,,,,0.0,1.0,,,0,0.0,,17,,08544,Princeton,Mercer County,08544,Mercer County,Princeton,1.0
0.0064,303553,2324605541,294749696,0.1268,9262,9470,228389,164339,28979,268407800,18633,12862,0.1269,0.3762,481938,0.7938,0.0064,0.0021,20954,7658,196053,26135,249131,0.4963,0.2309,2688,0.0612,113,0.0143,5,474,147208843,08550,West Windsor,Mercer County,08550,Mercer County,West Windsor,1.0
0.0011,237987,489538957,49183396,0.1005,2878,2830,154461,105503,15472,44527000,9428,11136,0.1002,0.2203,457262,0.6521,0.0011,0.0006,5746,2057,148513,12900,183822,0.3651,0.0953,2241,0.0882,0,0.0,5,265,66141591,08551,East Amwell,Hunterdon County,08551,Hunterdon County,"East Amwell, Raritan, West Amwell, Delaware",1.0
,,,,,,390,,,,,,,,,,,,,794,295,126250,21002,221108,0.3153,0.139,1521,0.2522,0,0.0,5,50,13904207,08553,Rocky Hill,Somerset County,08553,Somerset County,Rocky Hill,1.0
0.0,86014,131859941,2205465,0.0167,1932,1950,61988,47771,1050,2029400,593,213,0.0169,0.0197,318379,0.101,0.0,0.0004,4184,1533,95078,25985,114896,0.1729,0.1292,1495,0.1541,0,0.0,5,238,49865620,08554,Florence,Burlington County,08554,Burlington County,Florence,1.0
,,,,,,,,,,,,,,,,,,,1037,335,101339,15611,129638,0.194,0.1821,2540,0.0357,0,0.0,,65,9833380,08555,Roosevelt,Monmouth County,08555,Monmouth County,Roosevelt,1.0
0.0044,439456,1161482805,205032083,0.1765,3606,3720,292847,182303,51911,187190200,35221,25426,0.1773,0.416,603792,0.8577,0.0044,0.0008,7515,2643,233865,15328,280216,0.5668,0.1309,1636,0.2745,0,0.0,5,247,99914512,08558,Montgomery,Somerset County,08558,"Somerset County, Mercer County","Montgomery, Hopewell",1.0
0.001,195828,400468714,44034984,0.11,2450,2460,148580,82911,16444,40287800,9324,17846,0.1107,0.1731,512940,0.5975,0.001,0.0005,4902,2045,165354,31726,238777,0.2807,0.0958,2000,0.184,44,0.0195,5,262,115610974,08559,Delaware,Hunterdon County,08559,Hunterdon County,"Delaware, Kingwood, East Amwell, West Amwell, Stockton",1.0
0.0008,219244,312642583,34882037,0.1116,1766,1790,160796,104100,17988,31766800,10541,10163,0.1119,0.1993,496443,0.6154,0.0008,0.0004,3689,1426,123534,44384,162214,0.2496,0.0919,2231,0.113,0,0.0,5,303,48563924,08560,Hopewell,Mercer County,08560,"Mercer County, Hunterdon County","Hopewell, Ewing, West Amwell",1.0
,,,,,,,,,,,,,,,,,,,328,138,54318,27259,86225,0.1594,0.5435,,0.0,0,0.0,,103,8863656,08561,Robbinsville,Mercer County,08561,Mercer County,Robbinsville,1.0
0.0001,123160,188065106,5712838,0.0304,2530,2560,67548,48870,2050,5186400,1081,2068,0.0303,0.0482,307693,0.2197,0.0001,0.0006,3976,1527,86797,21438,106106,0.1074,0.2521,1118,0.0057,0,0.0,5,138,25360508,08562,North Hanover,Burlington County,08562,Burlington County,"North Hanover, Springfield, Wrightstown, New Hanover",1.0
,,,,,,440,,,,,,,,,,,,,786,460,,,40108,0.0,0.8891,1024,0.0,0,0.0,5,194,7813952,08608,Trenton,Mercer County,08608,Mercer County,Trenton,1.0
0.0,46068,212234713,454160,0.0021,6026,6100,32022,27677,69,413800,33,105,0.0021,0.0,,0.0,0.0,0.0014,12799,4607,46849,7677,106958,0.0189,0.687,1129,0.0492,0,0.0,5,556,360561946,08609,Trenton,Mercer County,08609,Mercer County,"Trenton, Hamilton",1.0
0.0005,84587,987302428,22326128,0.0226,16626,17080,53957,40766,1222,20313200,625,427,0.0226,0.0152,285140,0.0801,0.0005,0.0037,32324,11672,82945,4304,95393,0.0547,0.3352,1412,0.0551,0,0.0,5,602,97449182,08610,Hamilton,Mercer County,08610,"Mercer County, Burlington County","Hamilton, Bordentown, Trenton",1.0
0.0001,34467,370104840,2427909,0.0066,10438,10760,32228,27354,211,2206000,119,252,0.0066,0.0038,313760,0.0373,0.0001,0.0023,31660,10738,48542,4606,74508,0.0663,0.606,1283,0.0648,0,0.0,5,955,135154518,08611,Trenton,Mercer County,08611,Mercer County,"Trenton, Hamilton",1.0
0.0004,58358,806093860,17516515,0.0217,15856,15800,46175,36000,1003,15902800,536,296,0.0217,0.0136,294029,0.0867,0.0004,0.0036,39047,13813,45334,4113,65462,0.0443,0.6028,1084,0.0769,0,0.0,5,719,77103167,08618,Ewing,Mercer County,08618,Mercer County,"Ewing, Trenton",1.0
0.0008,110741,1048714689,38892611,0.0371,12420,12610,76725,56340,2852,35419000,1579,1064,0.0372,0.0527,303754,0.2085,0.0008,0.0028,23446,9470,97161,5687,115556,0.1128,0.3119,1600,0.1046,0,0.0,5,607,83244262,08619,Hamilton,Mercer County,08619,Mercer County,Hamilton,1.0
0.0006,141307,602675872,26740075,0.0444,6238,6230,87789,61681,3896,24305400,2384,3014,0.0444,0.0699,345711,0.2752,0.0006,0.0014,12913,4265,111141,12550,128333,0.1988,0.1883,1370,0.1462,0,0.0,5,436,67449436,08620,Hamilton,Mercer County,08620,"Mercer County, Burlington County","Hamilton, Bordentown, Chesterfield",1.0
0.0005,124158,505323651,24000248,0.0475,5638,5850,81496,59070,3859,21758400,2092,1110,0.0474,0.0603,305506,0.2261,0.0005,0.0013,9107,4070,102600,21542,122379,0.141,0.3541,1458,0.1301,50,0.0113,5,468,59533564,08628,Ewing,Mercer County,08628,Mercer County,"Ewing, Trenton",1.0
0.0,64189,273445887,1688540,0.0062,6396,6540,38850,32958,240,1535400,137,128,0.0062,0.0019,268167,0.013,0.0,0.0014,13075,4260,79724,12094,93635,0.0777,0.2678,1232,0.0502,0,0.0,5,553,78532471,08629,Hamilton,Mercer County,08629,Mercer County,"Hamilton, Trenton",1.0
0.0003,73686,640917037,15801482,0.0247,11334,11590,51400,38636,1266,14349800,691,390,0.0246,0.0185,298022,0.1074,0.0003,0.0025,23804,8698,66194,7927,81881,0.0529,0.415,1507,0.0999,107,0.0107,5,443,58866892,08638,Ewing,Mercer County,08638,Mercer County,"Ewing, Trenton",1.0
,,,,,,940,,,,,,,,,,,,,7781,891,91250,13642,96664,0.0168,0.9978,2374,0.3873,0,0.0,5,191,20974044,08640,New Hanover,Burlington County,08640,Burlington County,"New Hanover, Pemberton, Wrightstown, Springfield",1.0
0.0,65999,94577138,1226061,0.013,1622,1610,53003,50759,690,1119600,511,0,0.013,0.0074,252150,0.0352,0.0,0.0004,4886,1433,82480,6194,91895,0.0495,0.9812,2404,0.1648,7,0.0045,5,144,17374073,08641,New Hanover,Burlington County,08641,Burlington County,"New Hanover, North Hanover",1.0
0.0028,147858,1702882744,130357135,0.0766,15470,15640,100061,71460,7679,118786400,4980,3414,0.0767,0.1108,372591,0.4126,0.0028,0.0035,31626,11517,119151,13013,146651,0.246,0.3204,1914,0.1094,206,0.0169,5,532,127331192,08648,Lawrence,Mercer County,08648,Mercer County,"Lawrence, Trenton",1.0
0.0012,135026,1075077698,56067319,0.0522,10616,10660,92030,62016,4813,51096800,2726,2227,0.0523,0.0827,323380,0.2906,0.0012,0.0024,19959,7962,114181,9233,131812,0.156,0.1581,1602,0.1671,0,0.0,5,574,95349354,08690,Hamilton,Mercer County,08690,Mercer County,"Hamilton, Robbinsville",1.0
0.0021,186812,1280967546,98026864,0.0765,8230,8330,141737,101399,11030,90775400,7571,8532,0.0778,0.208,402544,0.5908,0.0022,0.0018,16935,6857,126628,24247,154863,0.2918,0.2027,1851,0.0493,112,0.0156,5,349,62199480,08691,Robbinsville,Mercer County,08691,"Mercer County, Monmouth County","Robbinsville, Hamilton, Upper Freehold",1.0
0.0102,102296,3152366089,469170985,0.1488,35574,36510,80817,39386,12149,432203800,9453,16098,0.1503,0.0581,619358,0.4455,0.0103,0.008,134008,30816,58949,2745,89233,0.0927,0.4836,1623,0.871,468,0.0141,5,974,177315858,08701,Lakewood,Ocean County,08701,Ocean County,"Lakewood, Jackson, Brick",1.0
,,,,,,,,,,,,,,,,,,,644,214,138636,112987,147616,0.3879,0.1682,,0.0,30,0.123,,72,12294172,08720,Wall,Monmouth County,08720,Monmouth County,Wall,1.0
0.0008,112632,902854813,35594229,0.0394,10876,11190,75571,54391,2997,32590600,1794,1970,0.0397,0.0515,301487,0.2054,0.0008,0.0024,22217,8016,103534,9706,123837,0.1425,0.148,1474,0.0468,723,0.0787,5,395,90804227,08721,Berkeley,Ocean County,08721,Ocean County,"Berkeley, Pine Beach",1.0
0.0002,103000,405305407,7985464,0.0197,5628,5740,65490,51500,1287,7245000,751,450,0.0197,0.0249,283771,0.1078,0.0002,0.0013,10933,3935,99099,9116,124132,0.1227,0.1001,2067,0.028,66,0.0157,5,166,58353753,08722,Beachwood,Ocean County,08722,Ocean County,Beachwood,1.0
0.0015,110021,1418280446,68652600,0.0484,17250,17430,74811,52039,3628,62581800,2252,2480,0.0485,0.0495,356390,0.2358,0.0015,0.0039,32430,12891,100596,8725,116698,0.1257,0.2101,1531,0.0873,460,0.0332,5,541,120619731,08723,Brick,Ocean County,08723,Ocean County,Brick,1.0
0.0026,122149,1978695858,122159552,0.0617,22516,22700,79914,53940,4946,111354200,3134,3402,0.0619,0.056,388022,0.2717,0.0026,0.005,40560,16199,87644,7039,115699,0.1249,0.1793,1758,0.0958,491,0.028,5,606,110430986,08724,Brick,Ocean County,08724,"Ocean County, Monmouth County","Brick, Wall",1.0
0.0018,297416,549030749,80972819,0.1475,2768,2790,180702,100010,26785,74142000,17817,23482,0.1482,0.2399,537152,0.7131,0.0018,0.0006,4957,1846,160845,12495,214917,0.3705,0.0623,2543,0.0424,180,0.0838,5,157,78485927,08730,Brielle,Monmouth County,08730,Monmouth County,Brielle,1.0
0.0011,116676,986377557,51471804,0.0522,11270,11470,79617,52891,4156,46843200,2344,2120,0.0522,0.0577,340871,0.2469,0.0011,0.0025,21164,8454,91815,8893,119763,0.1072,0.1537,2016,0.0599,689,0.0728,5,674,100818260,08731,Lacey,Ocean County,08731,Ocean County,Lacey,1.0
,,,,,,,,,,,,,,,,,,,1449,685,106339,13466,153014,0.165,0.0891,1600,0.0691,75,0.0943,,93,18087616,08732,Island Heights,Ocean County,08732,Ocean County,Island Heights,1.0
0.0,71638,74002217,506265,0.0068,1374,1370,48954,39094,336,462200,176,68,0.0069,0.0029,319750,0.019,0.0,0.0003,2855,1033,79025,14737,86063,0.0649,0.4046,1559,0.0581,0,0.0,5,107,12303077,08733,Jackson,Ocean County,08733,Ocean County,"Jackson, Manchester, Lakehurst",1.0
0.0004,140246,364219624,17929903,0.0492,3876,3910,85421,59027,4236,16417800,2684,2258,0.0496,0.0748,325136,0.2848,0.0004,0.0009,7715,2597,115040,11469,132252,0.186,0.0705,1625,0.0364,210,0.0716,5,355,55020243,08734,Lacey,Ocean County,08734,Ocean County,Lacey,1.0
0.001,140692,293623990,47402894,0.1614,1856,1930,144272,64809,23389,43410400,15519,9630,0.1621,0.1487,559780,0.577,0.001,0.0004,3732,2087,71709,21764,130927,0.1658,0.1711,1494,0.049,4955,0.6838,5,289,47558977,08735,Toms River,Ocean County,08735,Ocean County,"Toms River, Lavallette",1.0
0.003,219519,1155989474,138149996,0.1195,6876,6930,153099,88043,18307,125877200,12284,16396,0.1196,0.21,469442,0.6439,0.003,0.0015,13234,5266,159533,15076,206436,0.3547,0.1031,1590,0.1231,835,0.134,5,345,110197600,08736,Wall,Monmouth County,08736,Monmouth County,"Wall, Manasquan",1.0
,,,,,,590,,,,,,,,,,,,,1411,595,190625,58407,291485,0.4807,0.1176,1946,0.4503,1100,0.6211,5,109,37540933,08738,Brick,Ocean County,08738,Ocean County,"Brick, Mantoloking",1.0
,,,,,,,,,,,,,,,,,,,1682,743,67788,13966,95009,0.0458,0.2005,1779,0.2591,366,0.2947,,143,20134772,08740,Ocean Gate,Ocean County,08740,Ocean County,Ocean Gate,1.0
0.0002,139684,150718972,8411143,0.0558,1468,1470,93359,59264,5226,7671200,2920,6528,0.056,0.0913,356212,0.3483,0.0002,0.0003,2798,1079,127250,32441,146610,0.1928,0.0371,1156,0.0925,99,0.0809,5,208,28121595,08741,Pine Beach,Ocean County,08741,Ocean County,"Pine Beach, Berkeley",1.0
0.0042,167349,1724197526,193761619,0.1124,13554,13720,115865,72942,13083,177326800,9236,7849,0.1129,0.1195,472313,0.4872,0.0042,0.003,25193,10303,107113,7766,146991,0.2089,0.2059,1836,0.0706,1790,0.1446,5,307,99926375,08742,Point Pleasant,Ocean County,08742,Ocean County,"Point Pleasant, Point Pleasant Beach, Bay Head, Brick",1.0
0.0027,384719,592466771,125523600,0.2119,2044,2120,263999,134632,55812,114079600,39896,28380,0.2114,0.2779,761988,0.8021,0.0027,0.0005,3612,1540,154130,16306,258441,0.389,0.1532,2061,0.0954,372,0.1852,5,223,69965268,08750,Sea Girt,Monmouth County,08750,Monmouth County,"Sea Girt, Wall",1.0
0.0003,91597,171927260,13587602,0.079,2088,2100,75067,41439,5955,12435000,3689,5675,0.0793,0.069,410679,0.3773,0.0003,0.0005,3609,1877,77641,21621,101536,0.1737,0.3948,1321,0.0703,3022,0.5733,5,268,30008376,08751,Toms River,Ocean County,08751,Ocean County,"Toms River, Seaside Heights, Berkeley",1.0
0.0006,134699,170933508,28462150,0.1665,1258,1290,123805,53369,20738,26089000,15151,10675,0.1675,0.1335,499430,0.5387,0.0006,0.0003,2333,1269,78295,20859,132917,0.1568,0.197,1418,0.1802,2746,0.6563,5,198,31354930,08752,Berkeley,Ocean County,08752,Ocean County,"Berkeley, Ocean, Seaside Park, Lacey",1.0
0.0036,118712,2945002022,165731578,0.0563,33126,33380,80856,55525,4578,151650000,3002,4021,0.0566,0.0612,387720,0.2936,0.0036,0.0074,64313,24808,97153,5055,126624,0.1614,0.1936,1620,0.0999,1435,0.052,5,831,213802142,08753,Toms River,Ocean County,08753,Ocean County,"Toms River, Island Heights, Brick",1.0
0.0017,111321,1157740184,80826170,0.0698,13094,13070,80364,48529,5627,73678000,3518,5947,0.07,0.0634,400097,0.3156,0.0018,0.0029,28586,10400,76355,15683,117297,0.1738,0.1959,1519,0.4411,184,0.0164,5,447,174415818,08755,Toms River,Ocean County,08755,Ocean County,Toms River,1.0
0.0012,62111,1118932607,53961985,0.0482,18820,19200,54076,29499,2605,49026400,1251,329,0.0482,0.0146,316743,0.0853,0.0012,0.0042,35419,18015,53877,2175,82668,0.0507,0.1387,1707,0.0927,571,0.0292,5,782,254755442,08757,Berkeley,Ocean County,08757,Ocean County,"Berkeley, Manchester, South Toms River, Toms River",1.0
0.0007,123020,396247046,33572292,0.0847,4344,4510,82969,39088,7036,30566400,3715,2216,0.0848,0.0576,348182,0.2415,0.0007,0.001,7954,3221,98584,10014,116543,0.1357,0.1351,1536,0.0675,559,0.1473,5,215,48376622,08758,Ocean,Ocean County,08758,Ocean County,"Ocean, Barnegat",1.0
0.002,61331,1223923989,91876458,0.0751,18962,19140,58658,25604,4398,83389600,2159,636,0.075,0.0243,318720,0.1318,0.002,0.0042,33979,19956,49455,3892,70467,0.048,0.1275,1290,0.1486,632,0.0283,5,665,76189297,08759,Manchester,Ocean County,08759,"Ocean County, Burlington County","Manchester, Berkeley, Woodland, Lakehurst",1.0
0.0014,251866,672229596,63949659,0.0951,3890,3870,157146,106013,15011,58394000,9546,11632,0.0955,0.2206,448679,0.6298,0.0014,0.0009,7665,2669,151375,24694,190924,0.3765,0.16,1914,0.0933,0,0.0,5,189,60157611,08801,Clinton,Hunterdon County,08801,Hunterdon County,"Clinton, Franklin, Union",1.0
0.0005,184765,273082867,22808821,0.0835,1994,1990,124309,87340,10379,20695000,6724,4668,0.0835,0.1725,381042,0.5288,0.0005,0.0004,4380,1478,120769,14434,161346,0.2172,0.0372,2338,0.1192,25,0.0163,5,158,42237227,08802,Bethlehem,Hunterdon County,08802,"Hunterdon County, Warren County","Bethlehem, Franklin, Union, Alexandria, Washington",1.0
0.0002,150182,175412266,9041822,0.0515,1526,1550,104777,71755,5358,8177000,3142,2678,0.0511,0.1048,408825,0.4091,0.0002,0.0003,3116,1168,97167,28342,119907,0.1627,0.2423,972,0.0593,0,0.0,5,194,26165115,08804,Holland,Hunterdon County,08804,"Hunterdon County, Warren County","Holland, Pohatcong, Bethlehem, Alexandria, Greenwich, Franklin, Bloomsbury",1.0
0.0004,88571,475981757,20252936,0.0425,6820,7080,63419,49516,2699,18406400,1556,1469,0.0426,0.0446,325745,0.229,0.0004,0.0015,14173,5374,82200,7583,111676,0.1351,0.5002,1731,0.0685,0,0.0,5,319,60758475,08805,Bound Brook,Somerset County,08805,Somerset County,"Bound Brook, Bridgewater",1.0
0.0059,211329,2918666611,270707137,0.0928,19264,19620,137713,100961,12767,245939800,7981,5905,0.0927,0.2037,396659,0.5867,0.0058,0.0043,38585,13811,153743,8681,175117,0.3585,0.1606,1879,0.1028,21,0.0015,5,470,129428859,08807,Bridgewater,Somerset County,08807,Somerset County,Bridgewater,1.0
0.0005,164132,383084186,24878905,0.0649,2898,2910,120323,88609,7817,22654600,4806,5059,0.065,0.1573,395392,0.5171,0.0005,0.0006,6838,2334,122024,11864,156001,0.2798,0.2446,1558,0.0905,23,0.0096,5,199,39542706,08809,Union,Hunterdon County,08809,Hunterdon County,"Union, Clinton, Bethlehem, Lebanon, Franklin",1.0
0.0014,214602,601744591,65393278,0.1087,3984,4020,137741,100558,15082,60086800,4790,10060,0.1095,0.1491,509842,0.5519,0.0014,0.0009,8361,2804,136130,10593,165632,0.2853,0.122,1975,0.0246,17,0.0059,5,252,58406849,08810,South Brunswick,Middlesex County,08810,Middlesex County,South Brunswick,1.0
0.0013,187548,849592653,58781813,0.0692,7362,7530,104877,76979,7249,53364600,4535,6265,0.0691,0.1092,456256,0.4751,0.0013,0.0016,14054,4530,115481,9160,154089,0.2927,0.2371,1518,0.1309,82,0.0164,5,303,88213750,08812,Green Brook,Somerset County,08812,"Somerset County, Middlesex County, Union County","Green Brook, Dunellen, Plainfield",1.0
0.0064,193322,3252062623,296005240,0.091,23828,24110,123979,88307,11313,269564800,7148,6876,0.0912,0.1499,434946,0.5259,0.0064,0.0053,49027,16822,138166,7185,169552,0.3017,0.1711,1873,0.0704,40,0.0023,5,540,181804386,08816,East Brunswick,Middlesex County,08816,Middlesex County,"East Brunswick, South Brunswick",1.0
0.0017,121746,1984102157,80362029,0.0405,22428,22700,80410,64514,3252,72940600,1927,2910,0.0404,0.0616,336121,0.2576,0.0017,0.005,48140,16297,105419,5944,123907,0.1508,0.4633,1878,0.1655,57,0.0033,5,512,91523063,08817,Edison,Middlesex County,08817,Middlesex County,"Edison, Piscataway",1.0
0.006,228477,2985503439,276653679,0.0927,18050,18360,150454,109660,13907,251026400,9226,10574,0.0924,0.2341,398178,0.6196,0.006,0.004,39565,13067,157114,9993,188266,0.3746,0.2498,1883,0.0413,28,0.0021,5,399,127837550,08820,Edison,Middlesex County,08820,Middlesex County,"Edison, South Plainfield",1.0
,,,,,,,,,,,,,,,,,,,514,166,118333,34305,140520,0.1627,0.0,,0.0,0,0.0,,52,7907038,08821,Hillsborough,Somerset County,08821,Somerset County,Hillsborough,1.0
0.0047,197427,2310687359,218318477,0.0945,16130,16650,130250,90723,12336,198983600,8161,6974,0.0947,0.1768,419319,0.5692,0.0047,0.0036,31330,11704,136851,9258,184019,0.3293,0.2098,1612,0.045,57,0.0047,5,535,150210834,08822,Raritan,Hunterdon County,08822,Hunterdon County,"Raritan, Readington, Delaware, Franklin, East Amwell, Kingwood, Flemington, Clinton",1.0
0.0004,145768,511353436,20317200,0.0397,4914,5090,94581,77783,3720,18280800,2375,2762,0.0393,0.0948,331976,0.3329,0.0004,0.0011,9024,3508,104314,10815,125951,0.1619,0.2953,2219,0.1777,0,0.0,5,338,59210413,08823,Franklin,Somerset County,08823,Somerset County,Franklin,1.0
0.0014,201697,896948662,66296420,0.0739,6480,6550,125866,94413,9285,60167600,5476,4144,0.0738,0.1827,350589,0.5089,0.0014,0.0015,13297,4447,178567,14009,211641,0.4389,0.1266,1966,0.1039,0,0.0,5,358,121933190,08824,South Brunswick,Middlesex County,08824,Middlesex County,South Brunswick,1.0
0.0004,130812,250634977,16746218,0.0668,2288,2390,99690,66952,6707,15346200,3608,6378,0.0673,0.1084,374732,0.4074,0.0004,0.0005,4556,1916,102336,22070,136076,0.1571,0.2307,1628,0.0901,0,0.0,5,279,53831805,08825,Kingwood,Hunterdon County,08825,Hunterdon County,"Kingwood, Alexandria, Frenchtown, Franklin",1.0
0.0005,155664,324247901,21641643,0.0667,2676,2680,110124,77818,7417,19847000,4796,4417,0.0673,0.1368,368745,0.458,0.0005,0.0006,5186,2083,121513,10612,145728,0.2559,0.1435,1388,0.0528,0,0.0,5,233,49268807,08826,Lebanon,Hunterdon County,08826,Hunterdon County,"Lebanon, Glen Gardner, Bethlehem",1.0
0.0004,185289,287754213,17286129,0.0601,2208,2270,118473,84567,7133,15750600,4269,4282,0.0602,0.1585,376142,0.5033,0.0004,0.0005,3710,1553,117128,9492,155981,0.2241,0.114,1167,0.0607,0,0.0,5,171,42039038,08827,Union,Hunterdon County,08827,"Hunterdon County, Warren County","Union, Bethlehem, Washington, Hampton, Alexandria, Lebanon, Franklin",1.0
0.0001,124734,120742767,2789853,0.0231,1350,1420,81282,63554,1893,2556000,1106,662,0.0233,0.0489,362018,0.2177,0.0001,0.0003,2302,968,104500,10547,117127,0.124,0.3006,1869,0.0286,0,0.0,5,90,16715935,08828,Helmetta,Middlesex County,08828,Middlesex County,Helmetta,1.0
0.0002,135377,194401442,8953693,0.0461,1846,1850,95723,72451,4435,8187800,2629,2057,0.0463,0.0975,310670,0.3165,0.0002,0.0004,3564,1436,106111,13967,119946,0.1428,0.2284,1476,0.1131,0,0.0,5,110,19854399,08829,High Bridge,Hunterdon County,08829,Hunterdon County,"High Bridge, Clinton",1.0
0.0022,149223,961593187,100050083,0.104,9678,9860,90484,64299,9479,91736800,5683,2298,0.1048,0.0624,495129,0.3415,0.0022,0.0022,18511,6444,109646,9010,135332,0.214,0.3128,1999,0.0261,0,0.0,5,555,117517310,08830,Woodbridge,Middlesex County,08830,Middlesex County,Woodbridge,1.0
0.0076,163742,3797657308,353343209,0.093,29084,30230,118950,73342,11103,322908800,6612,6422,0.0933,0.1607,378137,0.5109,0.0077,0.0065,54229,23193,108626,10315,144607,0.2304,0.1043,1739,0.0734,306,0.0125,5,712,162292792,08831,Monroe,Middlesex County,08831,Middlesex County,"Monroe, South Brunswick, Old Bridge, East Brunswick, Jamesburg, Spotswood",1.0
0.0,87862,78372932,460853,0.0059,1644,1630,43293,36731,260,427800,163,0,0.006,0.0,,0.0,0.0,0.0004,2745,892,61200,36881,82580,0.1357,0.8352,1657,0.0,0,0.0,5,220,27826498,08832,Woodbridge,Middlesex County,08832,Middlesex County,Woodbridge,1.0
0.0033,264899,955224525,153944591,0.1612,4618,4610,188125,112755,30626,141432000,22489,14987,0.1628,0.243,550980,0.7116,0.0034,0.001,9057,3606,155714,29806,197372,0.371,0.1292,1811,0.106,52,0.0135,5,296,106425719,08833,Clinton,Hunterdon County,08833,Hunterdon County,"Clinton, Tewksbury, Readington, Lebanon",1.0
0.0002,78813,346067483,8102420,0.0234,5608,5730,56081,44472,1309,7340600,693,439,0.0233,0.0143,303522,0.0772,0.0002,0.0013,10892,4391,85925,12257,106403,0.141,0.2423,1673,0.0305,0,0.0,5,310,39087632,08835,Manville,Somerset County,08835,Somerset County,Manville,1.0
0.0014,344727,440561119,63789515,0.1448,1956,1940,204979,125640,29883,58451200,20340,20249,0.1458,0.2975,511408,0.7424,0.0014,0.0004,4023,1278,214375,36576,292994,0.5344,0.0211,,0.0591,0,0.0,5,161,59984413,08836,Bridgewater,Somerset County,08836,Somerset County,Bridgewater,1.0
0.0018,129415,919105642,83397529,0.0907,8366,8470,100096,73494,9083,75990800,5013,1958,0.0907,0.0746,537234,0.4003,0.0018,0.0019,19544,7102,98728,7148,120233,0.1464,0.518,1715,0.1431,23,0.0031,5,412,65780472,08837,Edison,Middlesex County,08837,Middlesex County,"Edison, Woodbridge",1.0
0.0019,203235,1264323105,87881692,0.0695,8912,9060,129028,97353,8980,80026200,5252,4170,0.0696,0.18,391784,0.5465,0.0019,0.002,18075,6221,148735,8864,180411,0.3069,0.2252,1922,0.1646,0,0.0,5,246,71651628,08840,Metuchen,Middlesex County,08840,Middlesex County,"Metuchen, Woodbridge",1.0
0.0052,196059,3054994506,239618025,0.0784,21060,21730,132023,100709,10407,219180800,6999,4744,0.0788,0.1927,385807,0.5631,0.0052,0.0047,43077,15582,153091,8941,190494,0.372,0.1726,2188,0.0785,82,0.0051,5,413,141830821,08844,Hillsborough,Somerset County,08844,Somerset County,"Hillsborough, Millstone, Manville",1.0
0.0004,109877,613113307,18890612,0.0308,7482,7670,74544,57632,2292,17151600,1271,761,0.0308,0.0454,330414,0.2014,0.0004,0.0017,14525,5580,101868,5671,125170,0.1387,0.248,1471,0.0285,0,0.0,5,277,67085748,08846,Middlesex,Middlesex County,08846,Middlesex County,Middlesex,1.0
0.0008,154696,470738666,36789211,0.0782,4158,4200,102925,68640,8069,33551400,4985,4290,0.0784,0.1073,378540,0.3945,0.0008,0.0009,8295,3043,126705,14199,145615,0.1988,0.0713,1581,0.2454,0,0.0,5,243,45998151,08848,Holland,Hunterdon County,08848,Hunterdon County,"Holland, Alexandria, Milford, Union",1.0
0.0007,167325,504485451,33566949,0.0665,4300,4360,106702,74899,7150,30744800,4155,5406,0.067,0.1116,378247,0.3957,0.0007,0.001,8410,3015,127089,18570,147171,0.2653,0.1695,1715,0.1523,0,0.0,5,232,39550568,08850,Milltown,Middlesex County,08850,Middlesex County,"Milltown, East Brunswick, North Brunswick",1.0
0.0022,172272,1218479329,102911986,0.0845,8982,9330,123455,96248,10410,93507000,7348,5932,0.0843,0.1735,387552,0.5445,0.0022,0.002,18068,7073,117411,6633,154052,0.274,0.3263,1799,0.0368,0,0.0,5,481,101814488,08852,South Brunswick,Middlesex County,08852,Middlesex County,South Brunswick,1.0
0.001,229997,451484353,48046557,0.1064,2634,2680,156061,104085,16704,43998200,11475,7535,0.107,0.2285,441192,0.6461,0.001,0.0006,5349,1963,206020,20453,202784,0.5181,0.1808,1666,0.0274,0,0.0,5,232,61358525,08853,Branchburg,Somerset County,08853,"Somerset County, Hunterdon County","Branchburg, Readington",1.0
0.0021,141298,2413225709,95192960,0.0394,26378,26860,83205,65506,3294,86899000,2074,2157,0.0396,0.0711,342207,0.2925,0.0021,0.0059,60233,17079,123236,5999,140677,0.2049,0.3421,1846,0.1121,53,0.003,5,610,113816348,08854,Piscataway,Middlesex County,08854,Middlesex County,"Piscataway, Edison",1.0
0.0018,131015,2048165285,84592461,0.0413,20910,21310,89105,69137,3680,76958600,2422,2722,0.0413,0.0859,326353,0.3146,0.0018,0.0047,40430,15633,102039,8432,129562,0.1766,0.335,1433,0.1012,81,0.0051,5,657,126968815,08857,Old Bridge,Middlesex County,08857,Middlesex County,"Old Bridge, Sayreville, East Brunswick",1.0
,,,,,,,,,,,,,,,,,,,0,0,,,,,,,,0,,,14,,08858,Tewksbury,Hunterdon County,08858,Hunterdon County,Tewksbury,1.0
0.0007,113675,999206029,30277724,0.0303,12260,12330,74074,58903,2248,27558200,1302,1103,0.0303,0.0499,297460,0.2005,0.0007,0.0027,24487,8790,93601,4125,119866,0.1529,0.4093,1547,0.0762,6,0.0007,5,485,90328474,08859,Sayreville,Middlesex County,08859,Middlesex County,"Sayreville, Old Bridge",1.0
0.0004,66170,1297586358,18537227,0.0143,29634,30050,39815,32714,567,16800600,353,364,0.0142,0.0071,326021,0.058,0.0004,0.0066,58136,19610,58221,5376,78312,0.0525,0.6336,1556,0.0436,0,0.0,5,693,81235513,08861,Perth Amboy,Middlesex County,08861,Middlesex County,"Perth Amboy, Woodbridge",1.0
0.0003,122283,542691543,16162864,0.0298,6748,6790,73127,57552,2183,14729600,1224,1523,0.0298,0.0433,326256,0.1931,0.0003,0.0015,12663,4438,110643,7423,127645,0.1787,0.3076,1870,0.0548,0,0.0,5,337,72858227,08863,Woodbridge,Middlesex County,08863,Middlesex County,Woodbridge,1.0
0.0009,78010,1034484361,40793150,0.0394,15044,15320,62513,47203,2470,37152000,1253,856,0.0395,0.0319,313422,0.16,0.0009,0.0034,30561,13261,73519,6356,88791,0.0697,0.328,1226,0.1228,22,0.0015,5,424,69997339,08865,Harmony,Warren County,08865,Warren County,"Harmony, Pohatcong, Lopatcong, Phillipsburg, Alpha, White, Greenwich",1.0
0.0008,227726,463422058,38192364,0.0824,2524,2560,167089,109069,13842,34937800,8563,17918,0.0828,0.2345,475503,0.6675,0.0008,0.0006,5819,2035,188429,25107,212579,0.4486,0.0644,,0.0824,0,0.0,5,268,85042371,08867,Franklin,Hunterdon County,08867,Hunterdon County,"Franklin, Alexandria, Union, Kingwood, Raritan",1.0
0.0004,116112,378757010,16411733,0.0433,4232,4450,81413,65605,3538,14971400,2123,871,0.0435,0.0775,324387,0.3088,0.0004,0.0009,8301,3262,99928,7646,138842,0.1738,0.4307,1810,0.0864,21,0.0062,5,246,84635467,08869,Raritan,Somerset County,08869,Somerset County,Raritan,1.0
0.0007,115306,854992127,31760950,0.0371,10264,10450,75815,58011,2845,29203600,1769,2198,0.0375,0.0509,344661,0.2312,0.0007,0.0023,19613,7415,91596,12092,112503,0.1304,0.3906,1437,0.086,26,0.0033,5,513,53550068,08872,Sayreville,Middlesex County,08872,Middlesex County,Sayreville,1.0
0.0044,133983,2846343750,201048984,0.0706,29034,29710,89151,63704,6295,182782200,3581,2426,0.0706,0.0882,349170,0.3453,0.0043,0.0065,55342,21244,110396,5650,138751,0.1946,0.3209,1924,0.1034,234,0.0105,5,702,148695932,08873,Franklin,Somerset County,08873,Somerset County,Franklin,1.0
0.002,156679,1407605032,90535099,0.0643,12102,12750,105790,80654,6790,82176200,3943,2730,0.0642,0.1259,375980,0.4476,0.002,0.0027,22531,8984,117153,5664,149605,0.2064,0.3496,1682,0.131,0,0.0,5,415,111503283,08876,Branchburg,Somerset County,08876,"Somerset County, Hunterdon County","Branchburg, Somerville, Readington",1.0
0.0007,104055,958239706,30171474,0.0315,11970,12220,72786,56701,2290,27406000,1354,1425,0.0315,0.0449,325229,0.2008,0.0007,0.0027,22514,9209,93243,8215,105953,0.0952,0.4098,1641,0.0738,0,0.0,5,529,75586576,08879,Old Bridge,Middlesex County,08879,Middlesex County,"Old Bridge, Sayreville, South Amboy",1.0
0.0001,91235,177999439,2705684,0.0152,2518,2530,64166,53545,980,2467800,513,391,0.0153,0.0246,323055,0.124,0.0001,0.0006,4838,1951,92625,19271,99347,0.0405,0.4131,1598,0.0655,0,0.0,5,151,21474304,08880,South Bound Brook,Somerset County,08880,Somerset County,"South Bound Brook, Franklin",1.0
0.0004,103880,577054280,17318539,0.03,7934,8150,66093,51498,1981,15720200,1006,1325,0.03,0.0373,330497,0.1866,0.0004,0.0018,16081,5555,95981,10060,114857,0.1233,0.3476,1615,0.128,44,0.0076,5,322,59975068,08882,South River,Middlesex County,08882,Middlesex County,"South River, East Brunswick",1.0
0.0002,110281,353120111,10970422,0.0311,4138,4200,77538,59959,2414,9987600,1304,851,0.0311,0.058,285659,0.2137,0.0002,0.0009,8152,3202,100365,13078,117153,0.1708,0.164,1124,0.1479,0,0.0,5,213,35678966,08884,Spotswood,Middlesex County,08884,Middlesex County,"Spotswood, Monroe",1.0
0.0004,150824,364089887,16938981,0.0465,3384,3390,97795,76525,4589,15528000,2877,2010,0.0469,0.1129,319427,0.3687,0.0004,0.0008,6963,2414,151500,6858,159959,0.2854,0.0816,1591,0.0277,0,0.0,5,173,36349483,08886,Greenwich,Warren County,08886,Warren County,"Greenwich, Franklin, Lopatcong",1.0
,,,,,,600,,,,,,,,,,,,,1411,581,106477,30540,124038,0.1377,0.4337,1703,0.0,0,0.0,5,151,23221147,08887,Readington,Hunterdon County,08887,Hunterdon County,Readington,1.0
0.0026,234325,986976154,119503056,0.1211,5268,5490,170553,98669,20632,108687200,13548,11918,0.121,0.2168,523794,0.6658,0.0026,0.0012,10383,4212,134352,18334,188483,0.2908,0.0981,1827,0.0612,0,0.0,5,320,120202126,08889,Readington,Hunterdon County,08889,Hunterdon County,"Readington, Tewksbury",1.0
,,,,,,,,,,,,,,,,,,,74,8,,,,1.0,1.0,,,0,0.0,,13,,08890,Franklin,Somerset County,08890,Somerset County,Franklin,1.0
0.0005,59714,933086933,25030347,0.0268,19528,19710,43424,36603,1164,22726400,695,921,0.0268,0.0165,400632,0.1521,0.0005,0.0044,56870,15626,57138,7028,81409,0.0743,0.798,1754,0.0333,30,0.0018,5,695,107517450,08901,New Brunswick,Middlesex County,08901,Middlesex County,"New Brunswick, North Brunswick",1.0
0.0022,123613,1956044311,101908812,0.0521,21910,22290,81196,63616,4238,92850600,2740,2499,0.0522,0.0745,355684,0.3263,0.0022,0.0049,43037,15824,110195,6954,134237,0.1652,0.4148,1906,0.1134,0,0.0,5,560,203904810,08902,North Brunswick,Middlesex County,08902,Middlesex County,"North Brunswick, South Brunswick, East Brunswick",1.0
0.0016,118521,775954364,75990436,0.0979,7220,7530,97781,67940,9561,69030800,5497,4209,0.0978,0.1152,388279,0.4576,0.0016,0.0016,14996,6547,93927,8425,119021,0.1532,0.6163,1755,0.1717,47,0.0068,5,329,63431192,08904,Highland Park,Middlesex County,08904,Middlesex County,Highland Park,1.0
